easting,northing,line_id,magnetic_nt,gravity_mgal,height_m
450050.0,8649750.0,L002,-24.590846,-1.186764,938.653
450150.0,8649750.0,L002,-24.950444,-1.161650,939.985
450250.0,8649750.0,L002,-25.240782,-1.136524,941.566
450350.0,8649750.0,L002,-25.437831,-1.111386,943.385
450450.0,8649750.0,L002,-25.520864,-1.086235,945.426
450550.0,8649750.0,L002,-25.473185,-1.061073,947.672
450650.0,8649750.0,L002,-25.282708,-1.035900,950.105
450750.0,8649750.0,L002,-24.942372,-1.010718,952.705
450850.0,8649750.0,L002,-24.450357,-0.985528,955.451
450950.0,8649750.0,L002,-23.810129,-0.960335,958.320
451050.0,8649750.0,L002,-23.030282,-0.935140,961.288
451150.0,8649750.0,L002,-22.124213,-0.909949,964.331
451250.0,8649750.0,L002,-21.109630,-0.884766,967.424
451350.0,8649750.0,L002,-20.007924,-0.859599,970.542
451450.0,8649750.0,L002,-18.843422,-0.834455,973.659
451550.0,8649750.0,L002,-17.642555,-0.809341,976.749
451650.0,8649750.0,L002,-16.432972,-0.784269,979.789
451750.0,8649750.0,L002,-15.242621,-0.759248,982.752
451850.0,8649750.0,L002,-14.098831,-0.734292,985.616
451950.0,8649750.0,L002,-13.027424,-0.709413,988.356
452050.0,8649750.0,L002,-12.051872,-0.684627,990.952
452150.0,8649750.0,L002,-11.192522,-0.659947,993.383
452250.0,8649750.0,L002,-10.465921,-0.635392,995.630
452350.0,8649750.0,L002,-9.884235,-0.610979,997.676
452450.0,8649750.0,L002,-9.454802,-0.586724,999.506
452550.0,8649750.0,L002,-9.179823,-0.562648,1001.107
452650.0,8649750.0,L002,-9.056209,-0.538767,1002.469
452750.0,8649750.0,L002,-9.075596,-0.515101,1003.585
452850.0,8649750.0,L002,-9.224545,-0.491668,1004.447
452950.0,8649750.0,L002,-9.484919,-0.468485,1005.054
453050.0,8649750.0,L002,-9.834459,-0.445567,1005.406
453150.0,8649750.0,L002,-10.247525,-0.422930,1005.505
453250.0,8649750.0,L002,-10.696005,-0.400587,1005.357
453350.0,8649750.0,L002,-11.150348,-0.378549,1004.970
453450.0,8649750.0,L002,-11.580696,-0.356823,1004.356
453550.0,8649750.0,L002,-11.958057,-0.335416,1003.528
453650.0,8649750.0,L002,-12.255475,-0.314330,1002.503
453750.0,8649750.0,L002,-12.449134,-0.293563,1001.299
453850.0,8649750.0,L002,-12.519347,-0.273110,999.936
453950.0,8649750.0,L002,-12.451382,-0.252963,998.438
454050.0,8649750.0,L002,-12.236074,-0.233107,996.827
454150.0,8649750.0,L002,-11.870205,-0.213527,995.129
454250.0,8649750.0,L002,-11.356618,-0.194200,993.368
454350.0,8649750.0,L002,-10.704081,-0.175100,991.572
454450.0,8649750.0,L002,-9.926893,-0.156197,989.765
454550.0,8649750.0,L002,-9.044264,-0.137457,987.972
454650.0,8649750.0,L002,-8.079495,-0.118843,986.217
454750.0,8649750.0,L002,-7.059002,-0.100312,984.522
454850.0,8649750.0,L002,-6.011230,-0.081820,982.907
454950.0,8649750.0,L002,-4.965501,-0.063321,981.392
455050.0,8649750.0,L002,-3.950846,-0.044766,979.990
455150.0,8649750.0,L002,-2.994871,-0.026103,978.715
455250.0,8649750.0,L002,-2.122695,-0.007283,977.576
455350.0,8649750.0,L002,-1.356002,0.011748,976.579
455450.0,8649750.0,L002,-0.712238,0.031039,975.729
455550.0,8649750.0,L002,-0.203980,0.050642,975.025
455650.0,8649750.0,L002,0.161503,0.070602,974.465
455750.0,8649750.0,L002,0.382487,0.090967,974.045
455850.0,8649750.0,L002,0.462817,0.111778,973.758
455950.0,8649750.0,L002,0.411736,0.133072,973.595
456050.0,8649750.0,L002,0.243499,0.154885,973.546
456150.0,8649750.0,L002,-0.023181,0.177244,973.601
456250.0,8649750.0,L002,-0.365853,0.200172,973.749
456350.0,8649750.0,L002,-0.759182,0.223688,973.980
456450.0,8649750.0,L002,-1.175901,0.247802,974.284
456550.0,8649750.0,L002,-1.587837,0.272520,974.653
456650.0,8649750.0,L002,-1.966961,0.297841,975.078
456750.0,8649750.0,L002,-2.286430,0.323758,975.553
456850.0,8649750.0,L002,-2.521585,0.350258,976.076
456950.0,8649750.0,L002,-2.650865,0.377322,976.644
457050.0,8649750.0,L002,-2.656608,0.404926,977.256
457150.0,8649750.0,L002,-2.525700,0.433039,977.913
457250.0,8649750.0,L002,-2.250065,0.461629,978.617
457350.0,8649750.0,L002,-1.826961,0.490657,979.373
457450.0,8649750.0,L002,-1.259081,0.520082,980.182
457550.0,8649750.0,L002,-0.554459,0.549859,981.051
457650.0,8649750.0,L002,0.273834,0.579944,981.982
457750.0,8649750.0,L002,1.208163,0.610289,982.978
457850.0,8649750.0,L002,2.226987,0.640846,984.042
457950.0,8649750.0,L002,3.305647,0.671566,985.173
458050.0,8649750.0,L002,4.417280,0.702403,986.371
458150.0,8649750.0,L002,5.533805,0.733311,987.632
458250.0,8649750.0,L002,6.626962,0.764244,988.950
458350.0,8649750.0,L002,7.669352,0.795163,990.317
458450.0,8649750.0,L002,8.635449,0.826026,991.723
458550.0,8649750.0,L002,9.502537,0.856798,993.155
458650.0,8649750.0,L002,10.251552,0.887446,994.598
458750.0,8649750.0,L002,10.867784,0.917941,996.035
458850.0,8649750.0,L002,11.341417,0.948258,997.450
458950.0,8649750.0,L002,11.667893,0.978373,998.821
459050.0,8649750.0,L002,11.848078,1.008270,1000.128
459150.0,8649750.0,L002,11.888235,1.037933,1001.351
459250.0,8649750.0,L002,11.799786,1.067352,1002.470
459350.0,8649750.0,L002,11.598896,1.096519,1003.463
459450.0,8649750.0,L002,11.305876,1.125431,1004.310
459550.0,8649750.0,L002,10.944432,1.154085,1004.994
450050.0,8649350.0,L006,-23.985929,-1.185101,938.068
450150.0,8649350.0,L006,-24.342996,-1.159717,939.451
450250.0,8649350.0,L006,-24.629657,-1.134288,941.092
450350.0,8649350.0,L006,-24.821441,-1.108813,942.977
450450.0,8649350.0,L006,-24.897048,-1.083289,945.090
450550.0,8649350.0,L006,-24.839056,-1.057717,947.415
450650.0,8649350.0,L006,-24.634473,-1.032097,949.933
450750.0,8649350.0,L006,-24.275137,-1.006430,952.622
450850.0,8649350.0,L006,-23.757929,-0.980721,955.462
450950.0,8649350.0,L006,-23.084815,-0.954973,958.428
451050.0,8649350.0,L006,-22.262718,-0.929194,961.497
451150.0,8649350.0,L006,-21.303237,-0.903392,964.644
451250.0,8649350.0,L006,-20.222227,-0.877578,967.842
451350.0,8649350.0,L006,-19.039269,-0.851767,971.066
451450.0,8649350.0,L006,-17.777052,-0.825975,974.289
451550.0,8649350.0,L006,-16.460693,-0.800221,977.486
451650.0,8649350.0,L006,-15.117011,-0.774527,980.630
451750.0,8649350.0,L006,-13.773787,-0.748918,983.696
451850.0,8649350.0,L006,-12.459006,-0.723422,986.659
451950.0,8649350.0,L006,-11.200102,-0.698072,989.497
452050.0,8649350.0,L006,-10.023208,-0.672900,992.186
452150.0,8649350.0,L006,-8.952417,-0.647942,994.707
452250.0,8649350.0,L006,-8.009052,-0.623239,997.039
452350.0,8649350.0,L006,-7.210963,-0.598830,999.167
452450.0,8649350.0,L006,-6.571872,-0.574757,1001.075
452550.0,8649350.0,L006,-6.100768,-0.551064,1002.751
452650.0,8649350.0,L006,-5.801404,-0.527795,1004.184
452750.0,8649350.0,L006,-5.671931,-0.504991,1005.369
452850.0,8649350.0,L006,-5.704696,-0.482697,1006.299
452950.0,8649350.0,L006,-5.886257,-0.460952,1006.975
453050.0,8649350.0,L006,-6.197642,-0.439793,1007.396
453150.0,8649350.0,L006,-6.614870,-0.419257,1007.569
453250.0,8649350.0,L006,-7.109742,-0.399372,1007.502
453350.0,8649350.0,L006,-7.650876,-0.380165,1007.204
453450.0,8649350.0,L006,-8.204965,-0.361654,1006.690
453550.0,8649350.0,L006,-8.738170,-0.343853,1005.976
453650.0,8649350.0,L006,-9.217615,-0.326766,1005.083
453750.0,8649350.0,L006,-9.612858,-0.310391,1004.031
453850.0,8649350.0,L006,-9.897281,-0.294717,1002.846
453950.0,8649350.0,L006,-10.049302,-0.279725,1001.552
454050.0,8649350.0,L006,-10.053344,-0.265385,1000.177
454150.0,8649350.0,L006,-9.900498,-0.251658,998.748
454250.0,8649350.0,L006,-9.588856,-0.238497,997.295
454350.0,8649350.0,L006,-9.123493,-0.225845,995.844
454450.0,8649350.0,L006,-8.516121,-0.213636,994.425
454550.0,8649350.0,L006,-7.784431,-0.201795,993.061
454650.0,8649350.0,L006,-6.951178,-0.190239,991.779
454750.0,8649350.0,L006,-6.043065,-0.178879,990.599
454850.0,8649350.0,L006,-5.089490,-0.167620,989.540
454950.0,8649350.0,L006,-4.121213,-0.156360,988.619
455050.0,8649350.0,L006,-3.169024,-0.144994,987.845
455150.0,8649350.0,L006,-2.262448,-0.133415,987.228
455250.0,8649350.0,L006,-1.428556,-0.121512,986.771
455350.0,8649350.0,L006,-0.690914,-0.109178,986.473
455450.0,8649350.0,L006,-0.068708,-0.096304,986.330
455550.0,8649350.0,L006,0.423935,-0.082786,986.334
455650.0,8649350.0,L006,0.778409,-0.068523,986.473
455750.0,8649350.0,L006,0.991867,-0.053421,986.731
455850.0,8649350.0,L006,1.067245,-0.037391,987.093
455950.0,8649350.0,L006,1.013057,-0.020357,987.539
456050.0,8649350.0,L006,0.843001,-0.002246,988.050
456150.0,8649350.0,L006,0.575368,0.016998,988.605
456250.0,8649350.0,L006,0.232302,0.037423,989.185
456350.0,8649350.0,L006,-0.161080,0.059066,989.772
456450.0,8649350.0,L006,-0.577664,0.081948,990.350
456550.0,8649350.0,L006,-0.989373,0.106080,990.904
456650.0,8649350.0,L006,-1.368241,0.131459,991.424
456750.0,8649350.0,L006,-1.687460,0.158069,991.901
456850.0,8649350.0,L006,-1.922392,0.185883,992.333
456950.0,8649350.0,L006,-2.051483,0.214861,992.718
457050.0,8649350.0,L006,-2.057071,0.244951,993.059
457150.0,8649350.0,L006,-1.926041,0.276093,993.361
457250.0,8649350.0,L006,-1.650312,0.308217,993.634
457350.0,8649350.0,L006,-1.227137,0.341243,993.887
457450.0,8649350.0,L006,-0.659205,0.375088,994.134
457550.0,8649350.0,L006,0.045456,0.409660,994.388
457650.0,8649350.0,L006,0.873775,0.444866,994.661
457750.0,8649350.0,L006,1.808124,0.480607,994.968
457850.0,8649350.0,L006,2.826961,0.516787,995.321
457950.0,8649350.0,L006,3.905630,0.553307,995.729
458050.0,8649350.0,L006,5.017268,0.590069,996.201
458150.0,8649350.0,L006,6.133798,0.626981,996.742
458250.0,8649350.0,L006,7.226957,0.663951,997.355
458350.0,8649350.0,L006,8.269349,0.700894,998.037
458450.0,8649350.0,L006,9.235447,0.737731,998.785
458550.0,8649350.0,L006,10.102536,0.774386,999.592
458650.0,8649350.0,L006,10.851552,0.810794,1000.446
458750.0,8649350.0,L006,11.467784,0.846895,1001.333
458850.0,8649350.0,L006,11.941417,0.882635,1002.236
458950.0,8649350.0,L006,12.267893,0.917972,1003.138
459050.0,8649350.0,L006,12.448078,0.952867,1004.018
459150.0,8649350.0,L006,12.488235,0.987292,1004.853
459250.0,8649350.0,L006,12.399786,1.021224,1005.622
459350.0,8649350.0,L006,12.198896,1.054648,1006.303
459450.0,8649350.0,L006,11.905876,1.087554,1006.873
459550.0,8649350.0,L006,11.544432,1.119941,1007.310
450050.0,8648950.0,L010,-23.376097,-1.180661,940.508
450150.0,8648950.0,L010,-23.728105,-1.154547,941.848
450250.0,8648950.0,L010,-24.007412,-1.128297,943.432
450350.0,8648950.0,L010,-24.188670,-1.101903,945.247
450450.0,8648950.0,L010,-24.249435,-1.075358,947.279
450550.0,8648950.0,L010,-24.170828,-1.048657,949.512
450650.0,8648950.0,L010,-23.938051,-1.021798,951.928
450750.0,8648950.0,L010,-23.540744,-0.994781,954.508
450850.0,8648950.0,L010,-22.973191,-0.967610,957.230
450950.0,8648950.0,L010,-22.234367,-0.940291,960.072
451050.0,8648950.0,L010,-21.327863,-0.912836,963.013
451150.0,8648950.0,L010,-20.261690,-0.885262,966.027
451250.0,8648950.0,L010,-19.048013,-0.857591,969.091
451350.0,8648950.0,L010,-17.702812,-0.829851,972.179
451450.0,8648950.0,L010,-16.245525,-0.802075,975.267
451550.0,8648950.0,L010,-14.698663,-0.774305,978.330
451650.0,8648950.0,L010,-13.087425,-0.746588,981.343
451750.0,8648950.0,L010,-11.439295,-0.718979,984.283
451850.0,8648950.0,L010,-9.783612,-0.691539,987.125
451950.0,8648950.0,L010,-8.151083,-0.664337,989.849
452050.0,8648950.0,L010,-6.573218,-0.637448,992.433
452150.0,8648950.0,L010,-5.081643,-0.610953,994.857
452250.0,8648950.0,L010,-3.707287,-0.584938,997.105
452350.0,8648950.0,L010,-2.479416,-0.559493,999.160
452450.0,8648950.0,L010,-1.424548,-0.534713,1001.010
452550.0,8648950.0,L010,-0.565269,-0.510694,1002.644
452650.0,8648950.0,L010,0.080973,-0.487533,1004.053
452750.0,8648950.0,L010,0.503017,-0.465325,1005.232
452850.0,8648950.0,L010,0.696979,-0.444166,1006.179
452950.0,8648950.0,L010,0.666980,-0.424145,1006.894
453050.0,8648950.0,L010,0.425505,-0.405345,1007.382
453150.0,8648950.0,L010,-0.006667,-0.387844,1007.650
453250.0,8648950.0,L010,-0.601023,-0.371709,1007.707
453350.0,8648950.0,L010,-1.322367,-0.356994,1007.569
453450.0,8648950.0,L010,-2.130315,-0.343744,1007.251
453550.0,8648950.0,L010,-2.981167,-0.331985,1006.774
453650.0,8648950.0,L010,-3.830028,-0.321731,1006.160
453750.0,8648950.0,L010,-4.633044,-0.312977,1005.434
453850.0,8648950.0,L010,-5.349586,-0.305699,1004.623
453950.0,8648950.0,L010,-5.944260,-0.299857,1003.756
454050.0,8648950.0,L010,-6.388573,-0.295390,1002.862
454150.0,8648950.0,L010,-6.662191,-0.292216,1001.972
454250.0,8648950.0,L010,-6.753689,-0.290237,1001.115
454350.0,8648950.0,L010,-6.660791,-0.289334,1000.320
454450.0,8648950.0,L010,-6.390101,-0.289370,999.616
454550.0,8648950.0,L010,-5.956374,-0.290192,999.028
454650.0,8648950.0,L010,-5.381403,-0.291631,998.578
454750.0,8648950.0,L010,-4.692618,-0.293505,998.286
454850.0,8648950.0,L010,-3.921482,-0.295619,998.165
454950.0,8648950.0,L010,-3.101806,-0.297769,998.227
455050.0,8648950.0,L010,-2.268060,-0.299743,998.475
455150.0,8648950.0,L010,-1.453766,-0.301327,998.911
455250.0,8648950.0,L010,-0.690041,-0.302303,999.528
455350.0,8648950.0,L010,-0.004338,-0.302454,1000.315
455450.0,8648950.0,L010,0.580578,-0.301567,1001.255
455550.0,8648950.0,L010,1.047402,-0.299438,1002.329
455650.0,8648950.0,L010,1.384802,-0.295870,1003.510
455750.0,8648950.0,L010,1.587659,-0.290678,1004.771
455850.0,8648950.0,L010,1.657071,-0.283695,1006.080
455950.0,8648950.0,L010,1.600111,-0.274766,1007.404
456050.0,8648950.0,L010,1.429378,-0.263761,1008.710
456150.0,8648950.0,L010,1.162352,-0.250567,1009.966
456250.0,8648950.0,L010,0.820601,-0.235093,1011.141
456350.0,8648950.0,L010,0.428847,-0.217275,1012.206
456450.0,8648950.0,L010,0.013951,-0.197071,1013.136
456550.0,8648950.0,L010,-0.396165,-0.174463,1013.911
456650.0,8648950.0,L010,-0.773616,-0.149460,1014.517
456750.0,8648950.0,L010,-1.091628,-0.122094,1014.942
456850.0,8648950.0,L010,-1.325564,-0.092420,1015.182
456950.0,8648950.0,L010,-1.453858,-0.060516,1015.241
457050.0,8648950.0,L010,-1.458821,-0.026481,1015.124
457150.0,8648950.0,L010,-1.327311,0.009566,1014.845
457250.0,8648950.0,L010,-1.051221,0.047490,1014.421
457350.0,8648950.0,L010,-0.627779,0.087141,1013.873
457450.0,8648950.0,L010,-0.059653,0.128357,1013.224
457550.0,8648950.0,L010,0.645147,0.170965,1012.503
457650.0,8648950.0,L010,1.473566,0.214785,1011.734
457750.0,8648950.0,L010,2.407983,0.259633,1010.947
457850.0,8648950.0,L010,3.426867,0.305321,1010.168
457950.0,8648950.0,L010,4.505569,0.351665,1009.420
458050.0,8648950.0,L010,5.617229,0.398481,1008.725
458150.0,8648950.0,L010,6.733772,0.445592,1008.103
458250.0,8648950.0,L010,7.826941,0.492826,1007.566
458350.0,8648950.0,L010,8.869339,0.540022,1007.125
458450.0,8648950.0,L010,9.835441,0.587029,1006.785
458550.0,8648950.0,L010,10.702532,0.633708,1006.548
458650.0,8648950.0,L010,11.451549,0.679933,1006.408
458750.0,8648950.0,L010,12.067783,0.725591,1006.357
458850.0,8648950.0,L010,12.541416,0.770584,1006.385
458950.0,8648950.0,L010,12.867892,0.814828,1006.473
459050.0,8648950.0,L010,13.048078,0.858254,1006.606
459150.0,8648950.0,L010,13.088235,0.900805,1006.760
459250.0,8648950.0,L010,12.999786,0.942440,1006.915
459350.0,8648950.0,L010,12.798896,0.983131,1007.046
459450.0,8648950.0,L010,12.505875,1.022859,1007.131
459550.0,8648950.0,L010,12.144432,1.061620,1007.144
450050.0,8648550.0,L014,-22.758486,-1.170279,945.980
450150.0,8648550.0,L014,-23.101432,-1.142445,947.209
450250.0,8648550.0,L014,-23.367572,-1.114254,948.650
450350.0,8648550.0,L014,-23.529982,-1.085684,950.293
450450.0,8648550.0,L014,-23.564170,-1.056714,952.125
450550.0,8648550.0,L014,-23.448659,-1.027326,954.133
450650.0,8648550.0,L014,-23.165414,-0.997507,956.301
450750.0,8648550.0,L014,-22.700152,-0.967251,958.612
450850.0,8648550.0,L014,-22.042511,-0.936558,961.048
450950.0,8648550.0,L014,-21.186130,-0.905436,963.590
451050.0,8648550.0,L014,-20.128650,-0.873902,966.218
451150.0,8648550.0,L014,-18.871694,-0.841986,968.911
451250.0,8648550.0,L014,-17.420850,-0.809727,971.648
451350.0,8648550.0,L014,-15.785708,-0.777178,974.406
451450.0,8648550.0,L014,-13.979944,-0.744407,977.164
451550.0,8648550.0,L014,-12.021490,-0.711494,979.901
451650.0,8648550.0,L014,-9.932739,-0.678536,982.594
451750.0,8648550.0,L014,-7.740761,-0.645645,985.222
451850.0,8648550.0,L014,-5.477450,-0.612947,987.766
451950.0,8648550.0,L014,-3.179523,-0.580586,990.205
452050.0,8648550.0,L014,-0.888271,-0.548716,992.523
452150.0,8648550.0,L014,1.351022,-0.517506,994.701
452250.0,8648550.0,L014,3.490071,-0.487137,996.726
452350.0,8648550.0,L014,5.479024,-0.457800,998.584
452450.0,8648550.0,L014,7.268329,-0.429690,1000.266
452550.0,8648550.0,L014,8.810969,-0.403009,1001.762
452650.0,8648550.0,L014,10.064945,-0.377962,1003.067
452750.0,8648550.0,L014,10.995827,-0.354749,1004.179
452850.0,8648550.0,L014,11.579176,-0.333568,1005.098
452950.0,8648550.0,L014,11.802599,-0.314606,1005.827
453050.0,8648550.0,L014,11.667230,-0.298038,1006.374
453150.0,8648550.0,L014,11.188456,-0.284024,1006.748
453250.0,8648550.0,L014,10.395765,-0.272703,1006.964
453350.0,8648550.0,L014,9.331664,-0.264191,1007.037
453450.0,8648550.0,L014,8.049719,-0.258576,1006.988
453550.0,8648550.0,L014,6.611831,-0.255917,1006.839
453650.0,8648550.0,L014,5.084950,-0.256242,1006.617
453750.0,8648550.0,L014,3.537456,-0.259542,1006.349
453850.0,8648550.0,L014,2.035511,-0.265772,1006.064
453950.0,8648550.0,L014,0.639621,-0.274851,1005.794
454050.0,8648550.0,L014,-0.598327,-0.286659,1005.570
454150.0,8648550.0,L014,-1.637375,-0.301036,1005.425
454250.0,8648550.0,L014,-2.449020,-0.317789,1005.388
454350.0,8648550.0,L014,-3.017903,-0.336686,1005.489
454450.0,8648550.0,L014,-3.341679,-0.357460,1005.754
454550.0,8648550.0,L014,-3.430149,-0.379816,1006.208
454650.0,8648550.0,L014,-3.303772,-0.403428,1006.869
454750.0,8648550.0,L014,-2.991727,-0.427946,1007.752
454850.0,8648550.0,L014,-2.529673,-0.452999,1008.864
454950.0,8648550.0,L014,-1.957393,-0.478201,1010.210
455050.0,8648550.0,L014,-1.316451,-0.503152,1011.784
455150.0,8648550.0,L014,-0.648001,-0.527449,1013.577
455250.0,8648550.0,L014,0.009165,-0.550686,1015.569
455350.0,8648550.0,L014,0.620261,-0.572461,1017.736
455450.0,8648550.0,L014,1.155810,-0.592381,1020.048
455550.0,8648550.0,L014,1.592587,-0.610070,1022.467
455650.0,8648550.0,L014,1.914212,-0.625168,1024.953
455750.0,8648550.0,L014,2.111404,-0.637343,1027.459
455850.0,8648550.0,L014,2.181940,-0.646289,1029.938
455950.0,8648550.0,L014,2.130328,-0.651733,1032.340
456050.0,8648550.0,L014,1.967260,-0.653440,1034.615
456150.0,8648550.0,L014,1.708858,-0.651210,1036.717
456250.0,8648550.0,L014,1.375771,-0.644889,1038.600
456350.0,8648550.0,L014,0.992145,-0.634364,1040.223
456450.0,8648550.0,L014,0.584516,-0.619563,1041.552
456550.0,8648550.0,L014,0.180665,-0.600464,1042.560
456650.0,8648550.0,L014,-0.191543,-0.577085,1043.225
456750.0,8648550.0,L014,-0.505276,-0.549488,1043.535
456850.0,8648550.0,L014,-0.735797,-0.517778,1043.486
456950.0,8648550.0,L014,-0.861417,-0.482096,1043.084
457050.0,8648550.0,L014,-0.864327,-0.442624,1042.342
457150.0,8648550.0,L014,-0.731267,-0.399573,1041.280
457250.0,8648550.0,L014,-0.454025,-0.353187,1039.926
457350.0,8648550.0,L014,-0.029741,-0.303732,1038.315
457450.0,8648550.0,L014,0.538992,-0.251498,1036.484
457550.0,8648550.0,L014,1.244223,-0.196790,1034.477
457650.0,8648550.0,L014,2.072943,-0.139926,1032.336
457750.0,8648550.0,L014,3.007568,-0.081232,1030.107
457850.0,8648550.0,L014,4.026594,-0.021035,1027.834
457950.0,8648550.0,L014,5.105391,0.040338,1025.558
458050.0,8648550.0,L014,6.217114,0.102567,1023.320
458150.0,8648550.0,L014,7.333699,0.165339,1021.153
458250.0,8648550.0,L014,8.426895,0.228356,1019.086
458350.0,8648550.0,L014,9.469311,0.291337,1017.145
458450.0,8648550.0,L014,10.435423,0.354017,1015.348
458550.0,8648550.0,L014,11.302521,0.416154,1013.705
458650.0,8648550.0,L014,12.051543,0.477529,1012.222
458750.0,8648550.0,L014,12.667779,0.537944,1010.901
458850.0,8648550.0,L014,13.141414,0.597229,1009.735
458950.0,8648550.0,L014,13.467891,0.655237,1008.713
459050.0,8648550.0,L014,13.648077,0.711848,1007.821
459150.0,8648550.0,L014,13.688234,0.766965,1007.041
459250.0,8648550.0,L014,13.599785,0.820513,1006.350
459350.0,8648550.0,L014,13.398896,0.872443,1005.727
459450.0,8648550.0,L014,13.105875,0.922724,1005.146
459550.0,8648550.0,L014,12.744432,0.971347,1004.583
450050.0,8648150.0,L018,-22.130368,-1.148986,954.359
450150.0,8648150.0,L018,-22.458852,-1.117606,955.455
450250.0,8648150.0,L018,-22.703979,-1.085411,956.719
450350.0,8648150.0,L018,-22.836313,-1.052344,958.144
450450.0,8648150.0,L018,-22.828104,-1.018353,959.718
450550.0,8648150.0,L018,-22.653727,-0.983391,961.434
450650.0,8648150.0,L018,-22.290002,-0.947421,963.277
450750.0,8648150.0,L018,-21.716399,-0.910419,965.235
450850.0,8648150.0,L018,-20.915175,-0.872371,967.293
450950.0,8648150.0,L018,-19.871488,-0.833282,969.438
451050.0,8648150.0,L018,-18.573543,-0.793177,971.651
451150.0,8648150.0,L018,-17.012842,-0.752098,973.918
451250.0,8648150.0,L018,-15.184589,-0.710117,976.219
451350.0,8648150.0,L018,-13.088301,-0.667326,978.539
451450.0,8648150.0,L018,-10.728638,-0.623849,980.858
451550.0,8648150.0,L018,-8.116433,-0.579838,983.160
451650.0,8648150.0,L018,-5.269857,-0.535476,985.426
451750.0,8648150.0,L018,-2.215622,-0.490976,987.639
451850.0,8648150.0,L018,1.009957,-0.446582,989.783
451950.0,8648150.0,L018,4.360191,-0.402571,991.841
452050.0,8648150.0,L018,7.777770,-0.359243,993.801
452150.0,8648150.0,L018,11.195199,-0.316928,995.647
452250.0,8648150.0,L018,14.536085,-0.275979,997.370
452350.0,8648150.0,L018,17.717354,-0.236766,998.959
452450.0,8648150.0,L018,20.652388,-0.199674,1000.407
452550.0,8648150.0,L018,23.254974,-0.165097,1001.708
452650.0,8648150.0,L018,25.443852,-0.133434,1002.862
452750.0,8648150.0,L018,27.147544,-0.105078,1003.867
452850.0,8648150.0,L018,28.309073,-0.080413,1004.727
452950.0,8648150.0,L018,28.890167,-0.059805,1005.450
453050.0,8648150.0,L018,28.874528,-0.043594,1006.044
453150.0,8648150.0,L018,28.269829,-0.032091,1006.524
453250.0,8648150.0,L018,27.108191,-0.025566,1006.906
453350.0,8648150.0,L018,25.445018,-0.024243,1007.209
453450.0,8648150.0,L018,23.356260,-0.028294,1007.458
453550.0,8648150.0,L018,20.934263,-0.037835,1007.677
453650.0,8648150.0,L018,18.282554,-0.052919,1007.896
453750.0,8648150.0,L018,15.509967,-0.073532,1008.145
453850.0,8648150.0,L018,12.724575,-0.099594,1008.457
453950.0,8648150.0,L018,10.027921,-0.130952,1008.864
454050.0,8648150.0,L018,7.509931,-0.167386,1009.400
454150.0,8648150.0,L018,5.244887,-0.208604,1010.097
454250.0,8648150.0,L018,3.288647,-0.254246,1010.986
454350.0,8648150.0,L018,1.677234,-0.303889,1012.097
454450.0,8648150.0,L018,0.426759,-0.357050,1013.454
454550.0,8648150.0,L018,-0.465456,-0.413189,1015.078
454650.0,8648150.0,L018,-1.018751,-0.471719,1016.983
454750.0,8648150.0,L018,-1.266269,-0.532011,1019.178
454850.0,8648150.0,L018,-1.251648,-0.593404,1021.665
454950.0,8648150.0,L018,-1.025522,-0.655210,1024.438
455050.0,8648150.0,L018,-0.642082,-0.716724,1027.481
455150.0,8648150.0,L018,-0.155896,-0.777236,1030.772
455250.0,8648150.0,L018,0.380882,-0.836038,1034.280
455350.0,8648150.0,L018,0.920802,-0.892432,1037.964
455450.0,8648150.0,L018,1.422886,-0.945742,1041.777
455550.0,8648150.0,L018,1.853856,-0.995318,1045.666
455650.0,8648150.0,L018,2.188859,-1.040552,1049.570
455750.0,8648150.0,L018,2.411726,-1.080878,1053.426
455850.0,8648150.0,L018,2.514840,-1.115784,1057.166
455950.0,8648150.0,L018,2.498661,-1.144813,1060.724
456050.0,8648150.0,L018,2.370993,-1.167576,1064.031
456150.0,8648150.0,L018,2.146024,-1.183748,1067.024
456250.0,8648150.0,L018,1.843230,-1.193078,1069.643
456350.0,8648150.0,L018,1.486163,-1.195386,1071.835
456450.0,8648150.0,L018,1.101189,-1.190567,1073.554
456550.0,8648150.0,L018,0.716202,-1.178590,1074.764
456650.0,8648150.0,L018,0.359367,-1.159499,1075.438
456750.0,8648150.0,L018,0.057914,-1.133405,1075.562
456850.0,8648150.0,L018,-0.162981,-1.100491,1075.133
456950.0,8648150.0,L018,-0.281190,-1.061001,1074.159
457050.0,8648150.0,L018,-0.278494,-1.015240,1072.659
457150.0,8648150.0,L018,-0.141266,-0.963565,1070.663
457250.0,8648150.0,L018,0.139022,-0.906379,1068.211
457350.0,8648150.0,L018,0.565497,-0.844126,1065.351
457450.0,8648150.0,L018,1.135778,-0.777285,1062.137
457550.0,8648150.0,L018,1.842084,-0.706358,1058.628
457650.0,8648150.0,L018,2.671539,-0.631867,1054.887
457750.0,8648150.0,L018,3.606659,-0.554342,1050.978
457850.0,8648150.0,L018,4.626013,-0.474319,1046.965
457950.0,8648150.0,L018,5.705023,-0.392330,1042.909
458050.0,8648150.0,L018,6.816884,-0.308897,1038.869
458150.0,8648150.0,L018,7.933556,-0.224523,1034.897
458250.0,8648150.0,L018,9.026807,-0.139694,1031.041
458350.0,8648150.0,L018,10.069257,-0.054865,1027.341
458450.0,8648150.0,L018,11.035390,0.029538,1023.829
458550.0,8648150.0,L018,11.902501,0.113124,1020.532
458650.0,8648150.0,L018,12.651531,0.195537,1017.465
458750.0,8648150.0,L018,13.267771,0.276461,1014.640
458850.0,8648150.0,L018,13.741409,0.355622,1012.059
458950.0,8648150.0,L018,14.067888,0.432782,1009.717
459050.0,8648150.0,L018,14.248076,0.507747,1007.606
459150.0,8648150.0,L018,14.288233,0.580360,1005.711
459250.0,8648150.0,L018,14.199785,0.650502,1004.013
459350.0,8648150.0,L018,13.998895,0.718092,1002.490
459450.0,8648150.0,L018,13.705875,0.783080,1001.119
459550.0,8648150.0,L018,13.344432,0.845447,999.872
450050.0,8647750.0,L022,-21.490668,-1.110775,965.410
450150.0,8647750.0,L022,-21.798741,-1.073010,966.416
450250.0,8647750.0,L022,-22.014216,-1.033599,967.540
450350.0,8647750.0,L022,-22.104123,-0.992422,968.778
450450.0,8647750.0,L022,-22.036121,-0.949366,970.123
450550.0,8647750.0,L022,-21.778756,-0.904329,971.569
450650.0,8647750.0,L022,-21.301607,-0.857227,973.108
450750.0,8647750.0,L022,-20.575377,-0.807995,974.730
450850.0,8647750.0,L022,-19.571968,-0.756594,976.427
450950.0,8647750.0,L022,-18.264665,-0.703015,978.186
451050.0,8647750.0,L022,-16.628486,-0.647283,979.997
451150.0,8647750.0,L022,-14.640825,-0.589465,981.847
451250.0,8647750.0,L022,-12.282466,-0.529669,983.724
451350.0,8647750.0,L022,-9.539022,-0.468053,985.613
451450.0,8647750.0,L022,-6.402813,-0.404828,987.501
451550.0,8647750.0,L022,-2.875132,-0.340257,989.376
451650.0,8647750.0,L022,1.031223,-0.274663,991.222
451750.0,8647750.0,L022,5.289374,-0.208424,993.026
451850.0,8647750.0,L022,9.855985,-0.141975,994.776
451950.0,8647750.0,L022,14.669442,-0.075809,996.460
452050.0,8647750.0,L022,19.648912,-0.010470,998.066
452150.0,8647750.0,L022,24.694619,0.053451,999.585
452250.0,8647750.0,L022,29.689591,0.115318,1001.007
452350.0,8647750.0,L022,34.503040,0.174461,1002.327
452450.0,8647750.0,L022,38.995355,0.230186,1003.540
452550.0,8647750.0,L022,43.024552,0.281779,1004.644
452650.0,8647750.0,L022,46.453798,0.328524,1005.640
452750.0,8647750.0,L022,49.159522,0.369708,1006.530
452850.0,8647750.0,L022,51.039444,0.404640,1007.321
452950.0,8647750.0,L022,52.019840,0.432662,1008.023
453050.0,8647750.0,L022,52.061356,0.453157,1008.648
453150.0,8647750.0,L022,51.162788,0.465572,1009.214
453250.0,8647750.0,L022,49.362396,0.469419,1009.739
453350.0,8647750.0,L022,46.736567,0.464298,1010.247
453450.0,8647750.0,L022,43.395858,0.449898,1010.764
453550.0,8647750.0,L022,39.478720,0.426012,1011.320
453650.0,8647750.0,L022,35.143420,0.392543,1011.944
453750.0,8647750.0,L022,30.558816,0.349509,1012.672
453850.0,8647750.0,L022,25.894754,0.297050,1013.538
453950.0,8647750.0,L022,21.312836,0.235425,1014.577
454050.0,8647750.0,L022,16.958258,0.165015,1015.824
454150.0,8647750.0,L022,12.953249,0.086322,1017.314
454250.0,8647750.0,L022,9.392496,-0.000040,1019.076
454350.0,8647750.0,L022,6.340694,-0.093349,1021.140
454450.0,8647750.0,L022,3.832216,-0.192781,1023.529
454550.0,8647750.0,L022,1.872674,-0.297427,1026.260
454650.0,8647750.0,L022,0.442043,-0.406296,1029.344
454750.0,8647750.0,L022,-0.501060,-0.518337,1032.785
454850.0,8647750.0,L022,-1.014406,-0.632443,1036.576
454950.0,8647750.0,L022,-1.166914,-0.747477,1040.702
455050.0,8647750.0,L022,-1.033526,-0.862277,1045.139
455150.0,8647750.0,L022,-0.690502,-0.975678,1049.852
455250.0,8647750.0,L022,-0.211356,-1.086525,1054.795
455350.0,8647750.0,L022,0.336431,-1.193688,1059.914
455450.0,8647750.0,L022,0.893879,-1.296078,1065.146
455550.0,8647750.0,L022,1.412165,-1.392659,1070.419
455650.0,8647750.0,L022,1.853524,-1.482460,1075.656
455750.0,8647750.0,L022,2.191497,-1.564591,1080.775
455850.0,8647750.0,L022,2.410631,-1.638249,1085.690
455950.0,8647750.0,L022,2.505748,-1.702728,1090.316
456050.0,8647750.0,L022,2.480880,-1.757425,1094.568
456150.0,8647750.0,L022,2.347985,-1.801850,1098.366
456250.0,8647750.0,L022,2.125507,-1.835625,1101.635
456350.0,8647750.0,L022,1.836872,-1.858488,1104.310
456450.0,8647750.0,L022,1.508951,-1.870296,1106.334
456550.0,8647750.0,L022,1.170564,-1.871017,1107.662
456650.0,8647750.0,L022,0.851039,-1.860738,1108.263
456750.0,8647750.0,L022,0.578868,-1.839649,1108.120
456850.0,8647750.0,L022,0.380501,-1.808047,1107.230
456950.0,8647750.0,L022,0.279267,-1.766322,1105.603
457050.0,8647750.0,L022,0.294482,-1.714953,1103.266
457150.0,8647750.0,L022,0.440735,-1.654500,1100.257
457250.0,8647750.0,L022,0.727373,-1.585589,1096.627
457350.0,8647750.0,L022,1.158198,-1.508904,1092.437
457450.0,8647750.0,L022,1.731374,-1.425179,1087.757
457550.0,8647750.0,L022,2.439546,-1.335182,1082.664
457650.0,8647750.0,L022,3.270159,-1.239706,1077.239
457750.0,8647750.0,L022,4.205968,-1.139559,1071.564
457850.0,8647750.0,L022,5.225709,-1.035550,1065.723
457950.0,8647750.0,L022,6.304922,-0.928483,1059.798
458050.0,8647750.0,L022,7.416878,-0.819141,1053.864
458150.0,8647750.0,L022,8.533586,-0.708285,1047.995
458250.0,8647750.0,L022,9.626845,-0.596639,1042.255
458350.0,8647750.0,L022,10.669290,-0.484888,1036.701
458450.0,8647750.0,L022,11.635415,-0.373668,1031.380
458550.0,8647750.0,L022,12.502517,-0.263564,1026.333
458650.0,8647750.0,L022,13.251541,-0.155106,1021.588
458750.0,8647750.0,L022,13.867777,-0.048766,1017.167
458850.0,8647750.0,L022,14.341412,0.055046,1013.082
458950.0,8647750.0,L022,14.667889,0.155977,1009.335
459050.0,8647750.0,L022,14.848076,0.253737,1005.924
459150.0,8647750.0,L022,14.888233,0.348090,1002.839
459250.0,8647750.0,L022,14.799785,0.438861,1000.065
459350.0,8647750.0,L022,14.598895,0.525924,997.582
459450.0,8647750.0,L022,14.305875,0.609205,995.367
459550.0,8647750.0,L022,13.944432,0.688675,993.395
450050.0,8647350.0,L026,-20.841728,-1.051114,978.784
450150.0,8647350.0,L026,-21.124655,-1.003360,979.816
450250.0,8647350.0,L026,-21.303616,-0.952652,980.918
450350.0,8647350.0,L026,-21.341297,-0.898769,982.090
450450.0,8647350.0,L026,-21.199723,-0.841500,983.331
450550.0,8647350.0,L026,-20.840295,-0.780656,984.636
450650.0,8647350.0,L026,-20.223735,-0.716073,986.002
450750.0,8647350.0,L026,-19.310025,-0.647618,987.423
450850.0,8647350.0,L026,-18.058446,-0.575206,988.895
450950.0,8647350.0,L026,-16.427834,-0.498797,990.410
451050.0,8647350.0,L026,-14.377219,-0.418412,991.961
451150.0,8647350.0,L026,-11.866965,-0.334140,993.539
451250.0,8647350.0,L026,-8.860554,-0.246143,995.135
451350.0,8647350.0,L026,-5.327069,-0.154665,996.739
451450.0,8647350.0,L026,-1.244392,-0.060038,998.340
451550.0,8647350.0,L026,3.396991,0.037313,999.930
451650.0,8647350.0,L026,8.589776,0.136867,1001.495
451750.0,8647350.0,L026,14.305542,0.238008,1003.026
451850.0,8647350.0,L026,20.490794,0.340021,1004.513
451950.0,8647350.0,L026,27.063854,0.442097,1005.945
452050.0,8647350.0,L026,33.913125,0.543339,1007.313
452150.0,8647350.0,L026,40.897231,0.642769,1008.610
452250.0,8647350.0,L026,47.847433,0.739338,1009.828
452350.0,8647350.0,L026,54.572545,0.831937,1010.965
452450.0,8647350.0,L026,60.866349,0.919415,1012.015
452550.0,8647350.0,L026,66.517258,1.000592,1012.980
452650.0,8647350.0,L026,71.319664,1.074280,1013.862
452750.0,8647350.0,L026,75.086209,1.139304,1014.666
452850.0,8647350.0,L026,77.660011,1.194518,1015.401
452950.0,8647350.0,L026,78.925774,1.238835,1016.077
453050.0,8647350.0,L026,78.818768,1.271239,1016.712
453150.0,8647350.0,L026,77.330782,1.290813,1017.323
453250.0,8647350.0,L026,74.512398,1.296760,1017.934
453350.0,8647350.0,L026,70.471279,1.288415,1018.570
453450.0,8647350.0,L026,65.366526,1.265268,1019.260
453550.0,8647350.0,L026,59.399535,1.226978,1020.037
453650.0,8647350.0,L026,52.802099,1.173382,1020.936
453750.0,8647350.0,L026,45.822774,1.104504,1021.992
453850.0,8647350.0,L026,38.712616,1.020563,1023.244
453950.0,8647350.0,L026,31.711434,0.921972,1024.728
454050.0,8647350.0,L026,25.035596,0.809338,1026.484
454150.0,8647350.0,L026,18.868210,0.683455,1028.545
454250.0,8647350.0,L026,13.352220,0.545297,1030.945
454350.0,8647350.0,L026,8.586697,0.396005,1033.712
454450.0,8647350.0,L026,4.626246,0.236872,1036.868
454550.0,8647350.0,L026,1.483249,0.069326,1040.429
454650.0,8647350.0,L026,-0.867572,-0.105090,1044.402
454750.0,8647350.0,L026,-2.482886,-0.284738,1048.788
454850.0,8647350.0,L026,-3.443471,-0.467913,1053.574
454950.0,8647350.0,L026,-3.846538,-0.652861,1058.738
455050.0,8647350.0,L026,-3.798274,-0.837804,1064.246
455150.0,8647350.0,L026,-3.407021,-1.020969,1070.054
455250.0,8647350.0,L026,-2.777452,-1.200605,1076.106
455350.0,8647350.0,L026,-2.005912,-1.375014,1082.333
455450.0,8647350.0,L026,-1.177004,-1.542564,1088.659
455550.0,8647350.0,L026,-0.361373,-1.701715,1094.998
455650.0,8647350.0,L026,0.385405,-1.851035,1101.257
455750.0,8647350.0,L026,1.023002,-1.989217,1107.338
455850.0,8647350.0,L026,1.525757,-2.115093,1113.140
455950.0,8647350.0,L026,1.881526,-2.227644,1118.561
456050.0,8647350.0,L026,2.090128,-2.326012,1123.503
456150.0,8647350.0,L026,2.161548,-2.409505,1127.870
456250.0,8647350.0,L026,2.114002,-2.477598,1131.576
456350.0,8647350.0,L026,1.971987,-2.529941,1134.542
456450.0,8647350.0,L026,1.764353,-2.566353,1136.704
456550.0,8647350.0,L026,1.522483,-2.586819,1138.009
456650.0,8647350.0,L026,1.278588,-2.591488,1138.420
456750.0,8647350.0,L026,1.064161,-2.580662,1137.918
456850.0,8647350.0,L026,0.908603,-2.554787,1136.500
456950.0,8647350.0,L026,0.838034,-2.514445,1134.179
457050.0,8647350.0,L026,0.874315,-2.460339,1130.985
457150.0,8647350.0,L026,1.034278,-2.393277,1126.966
457250.0,8647350.0,L026,1.329188,-2.314165,1122.180
457350.0,8647350.0,L026,1.764429,-2.223982,1116.702
457450.0,8647350.0,L026,2.339427,-2.123773,1110.613
457550.0,8647350.0,L026,3.047792,-2.014627,1104.006
457650.0,8647350.0,L026,3.877676,-1.897666,1096.976
457750.0,8647350.0,L026,4.812324,-1.774024,1089.625
457850.0,8647350.0,L026,5.830792,-1.644838,1082.051
457950.0,8647350.0,L026,6.908806,-1.511230,1074.353
458050.0,8647350.0,L026,8.019732,-1.374296,1066.627
458150.0,8647350.0,L026,9.135610,-1.235092,1058.960
458250.0,8647350.0,L026,10.228234,-1.094626,1051.432
458350.0,8647350.0,L026,11.270213,-0.953846,1044.117
458450.0,8647350.0,L026,12.236011,-0.813635,1037.077
458550.0,8647350.0,L026,13.102891,-0.674800,1030.363
458650.0,8647350.0,L026,13.851768,-0.538073,1024.017
458750.0,8647350.0,L026,14.467911,-0.404106,1018.070
458850.0,8647350.0,L026,14.941489,-0.273466,1012.544
458950.0,8647350.0,L026,15.267932,-0.146638,1007.450
459050.0,8647350.0,L026,15.448099,-0.024025,1002.790
459150.0,8647350.0,L026,15.488246,0.094050,998.561
459250.0,8647350.0,L026,15.399791,0.207341,994.752
459350.0,8647350.0,L026,15.198898,0.315674,991.346
459450.0,8647350.0,L026,14.905876,0.418944,988.321
459550.0,8647350.0,L026,14.544432,0.517108,985.655
450050.0,8646950.0,L030,-20.190289,-0.970955,993.958
450150.0,8646950.0,L030,-20.446817,-0.909756,995.196
450250.0,8646950.0,L030,-20.587465,-0.843840,996.469
450350.0,8646950.0,L030,-20.570381,-0.772843,997.780
450450.0,8646950.0,L030,-20.351716,-0.696424,999.130
450550.0,8646950.0,L030,-19.885432,-0.614268,1000.520
450650.0,8646950.0,L030,-19.123048,-0.526099,1001.948
450750.0,8646950.0,L030,-18.013444,-0.431694,1003.414
450850.0,8646950.0,L030,-16.502861,-0.330892,1004.914
450950.0,8646950.0,L030,-14.535287,-0.223610,1006.444
451050.0,8646950.0,L030,-12.053401,-0.109854,1008.000
451150.0,8646950.0,L030,-9.000285,0.010266,1009.575
451250.0,8646950.0,L030,-5.322049,0.136527,1011.163
451350.0,8646950.0,L030,-0.971454,0.268583,1012.755
451450.0,8646950.0,L030,4.087473,0.405949,1014.342
451550.0,8646950.0,L030,9.873982,0.548001,1015.915
451650.0,8646950.0,L030,16.384590,0.693968,1017.463
451750.0,8646950.0,L030,23.586980,0.842929,1018.977
451850.0,8646950.0,L030,31.414393,0.993815,1020.446
451950.0,8646950.0,L030,39.761217,1.145414,1021.861
452050.0,8646950.0,L030,48.480494,1.296378,1023.212
452150.0,8646950.0,L030,57.384040,1.445235,1024.490
452250.0,8646950.0,L030,66.245715,1.590402,1025.691
452350.0,8646950.0,L030,74.808150,1.730211,1026.808
452450.0,8646950.0,L030,82.792929,1.862925,1027.838
452550.0,8646950.0,L030,89.913858,1.986764,1028.782
452650.0,8646950.0,L030,95.892578,2.099939,1029.642
452750.0,8646950.0,L030,100.475431,2.200677,1030.424
452850.0,8646950.0,L030,103.450273,2.287254,1031.137
452950.0,8646950.0,L030,104.661763,2.358031,1031.794
453050.0,8646950.0,L030,104.023720,2.411482,1032.412
453150.0,8646950.0,L030,101.527311,2.446229,1033.012
453250.0,8646950.0,L030,97.244199,2.461071,1033.618
453350.0,8646950.0,L030,91.324191,2.455012,1034.259
453450.0,8646950.0,L030,83.987481,2.427287,1034.967
453550.0,8646950.0,L030,75.512070,2.377380,1035.777
453650.0,8646950.0,L030,66.217395,2.305044,1036.727
453750.0,8646950.0,L030,56.445540,2.210309,1037.858
453850.0,8646950.0,L030,46.541588,2.093491,1039.210
453950.0,8646950.0,L030,36.834683,1.955194,1040.824
454050.0,8646950.0,L030,27.621221,1.796302,1042.741
454150.0,8646950.0,L030,19.151330,1.617973,1044.999
454250.0,8646950.0,L030,11.619392,1.421624,1047.633
454350.0,8646950.0,L030,5.158973,1.208910,1050.672
454450.0,8646950.0,L030,-0.157905,0.981701,1054.141
454550.0,8646950.0,L030,-4.317564,0.742056,1058.054
454650.0,8646950.0,L030,-7.358250,0.492192,1062.421
454750.0,8646950.0,L030,-9.361350,0.234452,1067.236
454850.0,8646950.0,L030,-10.441205,-0.028732,1072.487
454950.0,8646950.0,L030,-10.734424,-0.294869,1078.146
455050.0,8646950.0,L030,-10.389510,-0.561450,1084.175
455150.0,8646950.0,L030,-9.557450,-0.825980,1090.523
455250.0,8646950.0,L030,-8.383725,-1.086011,1097.126
455350.0,8646950.0,L030,-7.002006,-1.339175,1103.908
455450.0,8646950.0,L030,-5.529621,-1.583216,1110.782
455550.0,8646950.0,L030,-4.064736,-1.816014,1117.653
455650.0,8646950.0,L030,-2.685073,-2.035611,1124.416
455750.0,8646950.0,L030,-1.447910,-2.240231,1130.963
455850.0,8646950.0,L030,-0.391093,-2.428300,1137.180
455950.0,8646950.0,L030,0.465237,-2.598456,1142.956
456050.0,8646950.0,L030,1.116443,-2.749564,1148.180
456150.0,8646950.0,L030,1.570951,-2.880718,1152.747
456250.0,8646950.0,L030,1.847735,-2.991247,1156.560
456350.0,8646950.0,L030,1.973834,-3.080716,1159.533
456450.0,8646950.0,L030,1.981994,-3.148918,1161.593
456550.0,8646950.0,L030,1.908462,-3.195871,1162.683
456650.0,8646950.0,L030,1.790967,-3.221809,1162.761
456750.0,8646950.0,L030,1.666883,-3.227169,1161.806
456850.0,8646950.0,L030,1.571592,-3.212574,1159.812
456950.0,8646950.0,L030,1.537068,-3.178823,1156.797
457050.0,8646950.0,L030,1.590679,-3.126869,1152.792
457150.0,8646950.0,L030,1.754247,-3.057801,1147.848
457250.0,8646950.0,L030,2.043371,-2.972825,1142.033
457350.0,8646950.0,L030,2.467042,-2.873244,1135.427
457450.0,8646950.0,L030,3.027534,-2.760434,1128.122
457550.0,8646950.0,L030,3.720573,-2.635826,1120.220
457650.0,8646950.0,L030,4.535766,-2.500887,1111.829
457750.0,8646950.0,L030,5.457250,-2.357096,1103.060
457850.0,8646950.0,L030,6.464522,-2.205929,1094.027
457950.0,8646950.0,L030,7.533425,-2.048839,1084.840
458050.0,8646950.0,L030,8.637217,-1.887241,1075.608
458150.0,8646950.0,L030,9.747702,-1.722495,1066.430
458250.0,8646950.0,L030,10.836381,-1.555897,1057.401
458350.0,8646950.0,L030,11.875563,-1.388663,1048.604
458450.0,8646950.0,L030,12.839435,-1.221922,1040.113
458550.0,8646950.0,L030,13.705028,-1.056709,1031.991
458650.0,8646950.0,L030,14.453068,-0.893960,1024.289
458750.0,8646950.0,L030,15.068683,-0.734503,1017.047
458850.0,8646950.0,L030,15.541936,-0.579064,1010.295
458950.0,8646950.0,L030,15.868184,-0.428263,1004.051
459050.0,8646950.0,L030,16.048238,-0.282612,998.324
459150.0,8646950.0,L030,16.088320,-0.142526,993.117
459250.0,8646950.0,L030,15.999829,-0.008320,988.422
459350.0,8646950.0,L030,15.798918,0.119782,984.226
459450.0,8646950.0,L030,15.505886,0.241642,980.511
459550.0,8646950.0,L030,15.144437,0.357201,977.255
450050.0,8646550.0,L034,-19.546554,-0.880209,1010.133
450150.0,8646550.0,L034,-19.780682,-0.803773,1011.795
450250.0,8646550.0,L034,-19.888854,-0.720612,1013.476
450350.0,8646550.0,L034,-19.825402,-0.630206,1015.180
450450.0,8646550.0,L034,-19.541553,-0.532057,1016.912
450550.0,8646550.0,L034,-18.985053,-0.425707,1018.673
450650.0,8646550.0,L034,-18.099763,-0.310751,1020.467
450750.0,8646550.0,L034,-16.825368,-0.186855,1022.292
450850.0,8646550.0,L034,-15.097385,-0.053773,1024.148
450950.0,8646550.0,L034,-12.847678,0.088638,1026.032
451050.0,8646550.0,L034,-10.005725,0.240394,1027.940
451150.0,8646550.0,L034,-6.500862,0.401372,1029.866
451250.0,8646550.0,L034,-2.265673,0.571289,1031.802
451350.0,8646550.0,L034,2.759350,0.749691,1033.740
451450.0,8646550.0,L034,8.619937,0.935936,1035.670
451550.0,8646550.0,L034,15.341125,1.129187,1037.579
451650.0,8646550.0,L034,22.919695,1.328404,1039.457
451750.0,8646550.0,L034,31.316529,1.532340,1041.290
451850.0,8646550.0,L034,40.449629,1.739542,1043.066
451950.0,8646550.0,L034,50.188671,1.948361,1044.772
452050.0,8646550.0,L034,60.352000,2.156959,1046.396
452150.0,8646550.0,L034,70.706905,2.363327,1047.926
452250.0,8646550.0,L034,80.973861,2.565306,1049.353
452350.0,8646550.0,L034,90.835088,2.760615,1050.669
452450.0,8646550.0,L034,99.947424,2.946880,1051.869
452550.0,8646550.0,L034,107.959025,3.121671,1052.950
452650.0,8646550.0,L034,114.528960,3.282544,1053.912
452750.0,8646550.0,L034,119.348335,3.427075,1054.761
452850.0,8646550.0,L034,122.161285,3.552915,1055.504
452950.0,8646550.0,L034,122.784012,3.657823,1056.154
453050.0,8646550.0,L034,121.120085,3.739719,1056.729
453150.0,8646550.0,L034,117.170479,3.796726,1057.249
453250.0,8646550.0,L034,111.037232,3.827207,1057.741
453350.0,8646550.0,L034,102.920186,3.829806,1058.236
453450.0,8646550.0,L034,93.106911,3.803480,1058.768
453550.0,8646550.0,L034,81.956557,3.747525,1059.375
453650.0,8646550.0,L034,69.878947,3.661600,1060.099
453750.0,8646550.0,L034,57.310652,3.545738,1060.984
453850.0,8646550.0,L034,44.690001,3.400357,1062.075
453950.0,8646550.0,L034,32.433047,3.226258,1063.417
454050.0,8646550.0,L034,20.912265,3.024618,1065.054
454150.0,8646550.0,L034,10.439482,2.796975,1067.030
454250.0,8646550.0,L034,1.253992,2.545210,1069.383
454350.0,8646550.0,L034,-6.483672,2.271511,1072.146
454450.0,8646550.0,L034,-12.692380,1.978352,1075.347
454550.0,8646550.0,L034,-17.366001,1.668443,1079.003
454650.0,8646550.0,L034,-20.564847,1.344698,1083.126
454750.0,8646550.0,L034,-22.404101,1.010184,1087.712
454850.0,8646550.0,L034,-23.040445,0.668078,1092.749
454950.0,8646550.0,L034,-22.658095,0.321617,1098.210
455050.0,8646550.0,L034,-21.455315,-0.025944,1104.056
455150.0,8646550.0,L034,-19.632253,-0.371384,1110.234
455250.0,8646550.0,L034,-17.380725,-0.711555,1116.678
455350.0,8646550.0,L034,-14.876291,-1.043427,1123.309
455450.0,8646550.0,L034,-12.272718,-1.364124,1130.037
455550.0,8646550.0,L034,-9.698722,-1.670957,1136.761
455650.0,8646550.0,L034,-7.256730,-1.961458,1143.373
455750.0,8646550.0,L034,-5.023260,-2.233400,1149.759
455850.0,8646550.0,L034,-3.050511,-2.484821,1155.800
455950.0,8646550.0,L034,-1.368750,-2.714038,1161.379
456050.0,8646550.0,L034,0.010897,-2.919659,1166.379
456150.0,8646550.0,L034,1.093504,-3.100587,1170.691
456250.0,8646550.0,L034,1.897474,-3.256025,1174.212
456350.0,8646550.0,L034,2.451823,-3.385468,1176.851
456450.0,8646550.0,L034,2.793641,-3.488701,1178.531
456550.0,8646550.0,L034,2.965716,-3.565786,1179.191
456650.0,8646550.0,L034,3.014274,-3.617050,1178.786
456750.0,8646550.0,L034,2.986793,-3.643065,1177.293
456850.0,8646550.0,L034,2.929901,-3.644633,1174.707
456950.0,8646550.0,L034,2.887380,-3.622762,1171.041
457050.0,8646550.0,L034,2.898356,-3.578642,1166.330
457150.0,8646550.0,L034,2.995742,-3.513626,1160.625
457250.0,8646550.0,L034,3.205043,-3.429200,1153.997
457350.0,8646550.0,L034,3.543570,-3.326957,1146.528
457450.0,8646550.0,L034,4.020121,-3.208578,1138.314
457550.0,8646550.0,L034,4.635102,-3.075800,1129.463
457650.0,8646550.0,L034,5.381074,-2.930395,1120.087
457750.0,8646550.0,L034,6.243633,-2.774145,1110.304
457850.0,8646550.0,L034,7.202555,-2.608822,1100.232
457950.0,8646550.0,L034,8.233106,-2.436166,1089.991
458050.0,8646550.0,L034,9.307430,-2.257865,1079.694
458150.0,8646550.0,L034,10.395953,-2.075539,1069.449
458250.0,8646550.0,L034,11.468735,-1.890727,1059.358
458350.0,8646550.0,L034,12.496734,-1.704872,1049.511
458450.0,8646550.0,L034,13.452956,-1.519310,1039.989
458550.0,8646550.0,L034,14.313455,-1.335266,1030.863
458650.0,8646550.0,L034,15.058195,-1.153841,1022.190
458750.0,8646550.0,L034,15.671727,-0.976016,1014.017
458850.0,8646550.0,L034,16.143700,-0.802645,1006.379
458950.0,8646550.0,L034,16.469182,-0.634459,999.302
459050.0,8646550.0,L034,16.648788,-0.472063,992.801
459150.0,8646550.0,L034,16.688616,-0.315947,986.880
459250.0,8646550.0,L034,16.599985,-0.166484,981.539
459350.0,8646550.0,L034,16.398998,-0.023943,976.768
459450.0,8646550.0,L034,16.105926,0.111511,972.552
459550.0,8646550.0,L034,15.744456,0.239801,968.873
450050.0,8646150.0,L038,-18.921051,-0.797613,1026.142
450150.0,8646150.0,L038,-19.142184,-0.707290,1028.435
450250.0,8646150.0,L038,-19.231565,-0.608408,1030.751
450350.0,8646150.0,L038,-19.141364,-0.500300,1033.097
450450.0,8646150.0,L038,-18.820037,-0.382327,1035.478
450550.0,8646150.0,L038,-18.211867,-0.253895,1037.898
450650.0,8646150.0,L038,-17.256493,-0.114479,1040.361
450750.0,8646150.0,L038,-15.888602,0.036361,1042.865
450850.0,8646150.0,L038,-14.037981,0.198956,1045.410
450950.0,8646150.0,L038,-11.630171,0.373505,1047.992
451050.0,8646150.0,L038,-8.587981,0.560055,1050.606
451150.0,8646150.0,L038,-4.834115,0.758474,1053.243
451250.0,8646150.0,L038,-0.295105,0.968437,1055.893
451350.0,8646150.0,L038,5.093353,1.189402,1058.544
451450.0,8646150.0,L038,11.379702,1.420595,1061.182
451550.0,8646150.0,L038,18.588696,1.660997,1063.790
451650.0,8646150.0,L038,26.712886,1.909339,1066.353
451750.0,8646150.0,L038,35.704062,2.164091,1068.851
451850.0,8646150.0,L038,45.465525,2.423473,1071.266
451950.0,8646150.0,L038,55.846135,2.685453,1073.580
452050.0,8646150.0,L038,66.637193,2.947770,1075.775
452150.0,8646150.0,L038,77.573082,3.207948,1077.832
452250.0,8646150.0,L038,88.336417,3.463326,1079.738
452350.0,8646150.0,L038,98.568115,3.711092,1081.478
452450.0,8646150.0,L038,107.882321,3.948320,1083.043
452550.0,8646150.0,L038,115.885651,4.172015,1084.424
452650.0,8646150.0,L038,122.199638,4.379161,1085.619
452750.0,8646150.0,L038,126.484847,4.566776,1086.628
452850.0,8646150.0,L038,128.464714,4.731961,1087.458
452950.0,8646150.0,L038,127.947056,4.871961,1088.118
453050.0,8646150.0,L038,124.841210,4.984215,1088.625
453150.0,8646150.0,L038,119.169044,5.066413,1089.001
453250.0,8646150.0,L038,111.068605,5.116544,1089.271
453350.0,8646150.0,L038,100.789777,5.132938,1089.469
453450.0,8646150.0,L038,88.682083,5.114313,1089.630
453550.0,8646150.0,L038,75.175525,5.059799,1089.796
453650.0,8646150.0,L038,60.755961,4.968972,1090.012
453750.0,8646150.0,L038,45.937057,4.841862,1090.326
453850.0,8646150.0,L038,31.231094,4.678966,1090.787
453950.0,8646150.0,L038,17.120949,4.481245,1091.446
454050.0,8646150.0,L038,4.035373,4.250112,1092.353
454150.0,8646150.0,L038,-7.670743,3.987414,1093.555
454250.0,8646150.0,L038,-17.729934,3.695408,1095.097
454350.0,8646150.0,L038,-25.969037,3.376717,1097.018
454450.0,8646150.0,L038,-32.309441,3.034299,1099.350
454550.0,8646150.0,L038,-36.761364,2.671393,1102.119
454650.0,8646150.0,L038,-39.413197,2.291468,1105.337
454750.0,8646150.0,L038,-40.417298,1.898174,1109.010
454850.0,8646150.0,L038,-39.973708,1.495279,1113.127
454950.0,8646150.0,L038,-38.313258,1.086617,1117.668
455050.0,8646150.0,L038,-35.681387,0.676029,1122.597
455150.0,8646150.0,L038,-32.323739,0.267309,1127.865
455250.0,8646150.0,L038,-28.474286,-0.135846,1133.409
455350.0,8646150.0,L038,-24.346416,-0.529887,1139.153
455450.0,8646150.0,L038,-20.127044,-0.911456,1145.010
455550.0,8646150.0,L038,-15.973563,-1.277425,1150.882
455650.0,8646150.0,L038,-12.013173,-1.624931,1156.662
455750.0,8646150.0,L038,-8.344013,-1.951401,1162.237
455850.0,8646150.0,L038,-5.037437,-2.254577,1167.490
455950.0,8646150.0,L038,-2.140824,-2.532532,1172.305
456050.0,8646150.0,L038,0.319567,-2.783682,1176.565
456150.0,8646150.0,L038,2.336042,-3.006786,1180.161
456250.0,8646150.0,L038,3.917313,-3.200954,1182.990
456350.0,8646150.0,L038,5.086706,-3.365632,1184.960
456450.0,8646150.0,L038,5.880532,-3.500602,1185.994
456550.0,8646150.0,L038,6.346358,-3.605959,1186.029
456650.0,8646150.0,L038,6.540956,-3.682102,1185.019
456750.0,8646150.0,L038,6.527762,-3.729704,1182.939
456850.0,8646150.0,L038,6.373834,-3.749698,1179.781
456950.0,8646150.0,L038,6.146446,-3.743244,1175.558
457050.0,8646150.0,L038,5.909548,-3.711704,1170.301
457150.0,8646150.0,L038,5.720424,-3.656617,1164.061
457250.0,8646150.0,L038,5.626856,-3.579665,1156.904
457350.0,8646150.0,L038,5.665069,-3.482647,1148.911
457450.0,8646150.0,L038,5.858595,-3.367448,1140.177
457550.0,8646150.0,L038,6.218114,-3.236015,1130.807
457650.0,8646150.0,L038,6.742171,-3.090323,1120.913
457750.0,8646150.0,L038,7.418599,-2.932356,1110.610
457850.0,8646150.0,L038,8.226441,-2.764077,1100.018
457950.0,8646150.0,L038,9.138123,-2.587410,1089.254
458050.0,8646150.0,L038,10.121676,-2.404219,1078.433
458150.0,8646150.0,L038,11.142862,-2.216285,1067.664
458250.0,8646150.0,L038,12.167082,-2.025299,1057.050
458350.0,8646150.0,L038,13.161013,-1.832841,1046.683
458450.0,8646150.0,L038,14.093974,-1.640375,1036.647
458550.0,8646150.0,L038,14.939012,-1.449236,1027.014
458650.0,8646150.0,L038,15.673743,-1.260630,1017.846
458750.0,8646150.0,L038,16.280962,-1.075623,1009.193
458850.0,8646150.0,L038,16.749056,-0.895147,1001.094
458950.0,8646150.0,L038,17.072215,-0.719998,993.579
459050.0,8646150.0,L038,17.250465,-0.550837,986.665
459150.0,8646150.0,L038,17.289521,-0.388198,980.364
459250.0,8646150.0,L038,17.200462,-0.232490,974.677
459350.0,8646150.0,L038,16.999243,-0.084008,969.600
459450.0,8646150.0,L038,16.706049,0.057060,965.120
459550.0,8646150.0,L038,16.344517,0.190626,961.224
450050.0,8645750.0,L042,-18.320516,-0.745089,1040.436
450150.0,8645750.0,L042,-18.541495,-0.645916,1043.496
450250.0,8645750.0,L042,-18.630742,-0.537011,1046.604
450350.0,8645750.0,L042,-18.540493,-0.417610,1049.766
450450.0,8645750.0,L042,-18.219328,-0.286980,1052.990
450550.0,8645750.0,L042,-17.611740,-0.144440,1056.279
450650.0,8645750.0,L042,-16.657715,0.010618,1059.634
450750.0,8645750.0,L042,-15.292481,0.178704,1063.056
450850.0,8645750.0,L042,-13.446640,0.360209,1066.540
450950.0,8645750.0,L042,-11.046922,0.555375,1070.081
451050.0,8645750.0,L042,-8.017825,0.764275,1073.669
451150.0,8645750.0,L042,-4.284383,0.986784,1077.292
451250.0,8645750.0,L042,0.223744,1.222558,1080.935
451350.0,8645750.0,L042,5.566760,1.471011,1084.579
451450.0,8645750.0,L042,11.787876,1.731300,1088.205
451550.0,8645750.0,L042,18.905336,2.002307,1091.790
451650.0,8645750.0,L042,26.903802,2.282632,1095.309
451750.0,8645750.0,L042,35.725764,2.570589,1098.736
451850.0,8645750.0,L042,45.263867,2.864208,1102.046
451950.0,8645750.0,L042,55.355143,3.161243,1105.211
452050.0,8645750.0,L042,65.778219,3.459188,1108.205
452150.0,8645750.0,L042,76.254436,3.755302,1111.002
452250.0,8645750.0,L042,86.453655,4.046637,1113.580
452350.0,8645750.0,L042,96.005114,4.330077,1115.918
452450.0,8645750.0,L042,104.513287,4.602382,1117.998
452550.0,8645750.0,L042,111.578118,4.860236,1119.807
452650.0,8645750.0,L042,116.818496,5.100302,1121.335
452750.0,8645750.0,L042,119.897305,5.319279,1122.578
452850.0,8645750.0,L042,120.546077,5.513964,1123.538
452950.0,8645750.0,L042,118.587056,5.681311,1124.223
453050.0,8645750.0,L042,113.950578,5.818493,1124.647
453150.0,8645750.0,L042,106.685942,5.922957,1124.829
453250.0,8645750.0,L042,96.964489,5.992483,1124.795
453350.0,8645750.0,L042,85.074257,6.025228,1124.580
453450.0,8645750.0,L042,71.406388,6.019771,1124.220
453550.0,8645750.0,L042,56.434229,5.975146,1123.759
453650.0,8645750.0,L042,40.686742,5.890871,1123.246
453750.0,8645750.0,L042,24.718382,5.766960,1122.732
453850.0,8645750.0,L042,9.077872,5.603933,1122.271
453950.0,8645750.0,L042,-5.721652,5.402811,1121.920
454050.0,8645750.0,L042,-19.228861,5.165105,1121.733
454150.0,8645750.0,L042,-31.075002,4.892792,1121.765
454250.0,8645750.0,L042,-40.987946,4.588284,1122.066
454350.0,8645750.0,L042,-48.798954,4.254390,1122.683
454450.0,8645750.0,L042,-54.442225,3.894270,1123.655
454550.0,8645750.0,L042,-57.947929,3.511386,1125.015
454650.0,8645750.0,L042,-59.429903,3.109443,1126.783
454750.0,8645750.0,L042,-59.069530,2.692333,1128.972
454850.0,8645750.0,L042,-57.097481,2.264074,1131.581
454950.0,8645750.0,L042,-53.775016,1.828752,1134.597
455050.0,8645750.0,L042,-49.376362,1.390458,1137.992
455150.0,8645750.0,L042,-44.173429,0.953234,1141.725
455250.0,8645750.0,L042,-38.423745,0.521014,1145.743
455350.0,8645750.0,L042,-32.362034,0.097578,1149.978
455450.0,8645750.0,L042,-26.195455,-0.313497,1154.352
455550.0,8645750.0,L042,-20.102080,-0.708878,1158.773
455650.0,8645750.0,L042,-14.231841,-1.085509,1163.145
455750.0,8645750.0,L042,-8.709007,-1.440645,1167.362
455850.0,8645750.0,L042,-3.635147,-1.771873,1171.314
455950.0,8645750.0,L042,0.908327,-2.077130,1174.892
456050.0,8645750.0,L042,4.858680,-2.354712,1177.986
456150.0,8645750.0,L042,8.171728,-2.603284,1180.491
456250.0,8645750.0,L042,10.822901,-2.821876,1182.310
456350.0,8645750.0,L042,12.809025,-3.009882,1183.354
456450.0,8645750.0,L042,14.150016,-3.167043,1183.548
456550.0,8645750.0,L042,14.889700,-3.293437,1182.831
456650.0,8645750.0,L042,15.095013,-3.389459,1181.157
456750.0,8645750.0,L042,14.853182,-3.455797,1178.499
456850.0,8645750.0,L042,14.266854,-3.493409,1174.848
456950.0,8645750.0,L042,13.447540,-3.503494,1170.212
457050.0,8645750.0,L042,12.508104,-3.487462,1164.619
457150.0,8645750.0,L042,11.555158,-3.446904,1158.112
457250.0,8645750.0,L042,10.682292,-3.383562,1150.753
457350.0,8645750.0,L042,9.964855,-3.299297,1142.617
457450.0,8645750.0,L042,9.456777,-3.196057,1133.789
457550.0,8645750.0,L042,9.189544,-3.075849,1124.367
457650.0,8645750.0,L042,9.173175,-2.940707,1114.454
457750.0,8645750.0,L042,9.398783,-2.792672,1104.162
457850.0,8645750.0,L042,9.842187,-2.633757,1093.599
457950.0,8645750.0,L042,10.468010,-2.465932,1082.878
458050.0,8645750.0,L042,11.233792,-2.291103,1072.107
458150.0,8645750.0,L042,12.093724,-2.111086,1061.390
458250.0,8645750.0,L042,13.001811,-1.927603,1050.824
458350.0,8645750.0,L042,13.914358,-1.742260,1040.500
458450.0,8645750.0,L042,14.791799,-1.556540,1030.498
458550.0,8645750.0,L042,15.599954,-1.371799,1020.889
458650.0,8645750.0,L042,16.310815,-1.189253,1011.733
458750.0,8645750.0,L042,16.902985,-1.009982,1003.082
458850.0,8645750.0,L042,17.361831,-0.834928,994.976
458950.0,8645750.0,L042,17.679452,-0.664892,987.446
459050.0,8645750.0,L042,17.854468,-0.500544,980.512
459150.0,8645750.0,L042,17.891684,-0.342424,974.188
459250.0,8645750.0,L042,17.801603,-0.190949,968.479
459350.0,8645750.0,L042,17.599830,-0.046418,963.384
459450.0,8645750.0,L042,17.306345,0.090972,958.895
459550.0,8645750.0,L042,16.944662,0.221127,955.000
450050.0,8645350.0,L046,-17.744984,-0.738463,1051.248
450150.0,8645350.0,L046,-17.978631,-0.638144,1055.089
450250.0,8645350.0,L046,-18.086344,-0.527932,1059.015
450350.0,8645350.0,L046,-18.022622,-0.407046,1063.036
450450.0,8645350.0,L046,-17.739008,-0.274738,1067.155
450550.0,8645350.0,L046,-17.183798,-0.130309,1071.376
450650.0,8645350.0,L046,-16.301760,0.026864,1075.700
450750.0,8645350.0,L046,-15.034004,0.197310,1080.122
450850.0,8645350.0,L046,-13.318203,0.381436,1084.637
450950.0,8645350.0,L046,-11.089384,0.579502,1089.233
451050.0,8645350.0,L046,-8.281522,0.791598,1093.898
451150.0,8645350.0,L046,-4.830167,1.017615,1098.612
451250.0,8645350.0,L046,-0.676276,1.257226,1103.356
451350.0,8645350.0,L046,4.228683,1.509863,1108.104
451450.0,8645350.0,L046,9.916409,1.774697,1112.828
451550.0,8645350.0,L046,16.394462,2.050629,1117.497
451650.0,8645350.0,L046,23.638428,2.336276,1122.080
451750.0,8645350.0,L046,31.584169,2.629970,1126.542
451850.0,8645350.0,L046,40.121010,2.929763,1130.846
451950.0,8645350.0,L046,49.086769,3.233428,1134.958
452050.0,8645350.0,L046,58.265620,3.538486,1138.842
452150.0,8645350.0,L046,67.389679,3.842223,1142.463
452250.0,8645350.0,L046,76.144974,4.141721,1145.791
452350.0,8645350.0,L046,84.182163,4.433900,1148.795
452450.0,8645350.0,L046,91.131893,4.715558,1151.451
452550.0,8645350.0,L046,96.624202,4.983421,1153.738
452650.0,8645350.0,L046,100.310851,5.234199,1155.641
452750.0,8645350.0,L046,101.889019,5.464639,1157.148
452850.0,8645350.0,L046,101.124460,5.671589,1158.259
452950.0,8645350.0,L046,97.872058,5.852055,1158.975
453050.0,8645350.0,L046,92.091785,6.003258,1159.308
453150.0,8645350.0,L046,83.858362,6.122692,1159.275
453250.0,8645350.0,L046,73.363386,6.208174,1158.903
453350.0,8645350.0,L046,60.909394,6.257890,1158.222
453450.0,8645350.0,L046,46.896011,6.270434,1157.273
453550.0,8645350.0,L046,31.799139,6.244840,1156.100
453650.0,8645350.0,L046,16.144747,6.180601,1154.753
453750.0,8645350.0,L046,0.479375,6.077689,1153.288
453850.0,8645350.0,L046,-14.660309,5.936554,1151.763
453950.0,8645350.0,L046,-28.776466,5.758120,1150.236
454050.0,8645350.0,L046,-41.435368,5.543772,1148.770
454150.0,8645350.0,L046,-52.287201,5.295333,1147.425
454250.0,8645350.0,L046,-61.079162,5.015035,1146.256
454350.0,8645350.0,L046,-67.661269,4.705483,1145.318
454450.0,8645350.0,L046,-71.984966,4.369610,1144.657
454550.0,8645350.0,L046,-74.095245,4.010634,1144.314
454650.0,8645350.0,L046,-74.117479,3.632009,1144.319
454750.0,8645350.0,L046,-72.240590,3.237369,1144.694
454850.0,8645350.0,L046,-68.698332,2.830477,1145.447
454950.0,8645350.0,L046,-63.750540,2.415172,1146.576
455050.0,8645350.0,L046,-57.666039,1.995316,1148.065
455150.0,8645350.0,L046,-50.708601,1.574742,1149.884
455250.0,8645350.0,L046,-43.126909,1.157206,1151.992
455350.0,8645350.0,L046,-35.148917,0.746338,1154.335
455450.0,8645350.0,L046,-26.980404,0.345604,1156.845
455550.0,8645350.0,L046,-18.806933,-0.041739,1159.447
455650.0,8645350.0,L046,-10.797917,-0.412676,1162.055
455750.0,8645350.0,L046,-3.111235,-0.764464,1164.578
455850.0,8645350.0,L046,4.103236,-1.094657,1166.917
455950.0,8645350.0,L046,10.702540,-1.401130,1168.976
456050.0,8645350.0,L046,16.552813,-1.682094,1170.655
456150.0,8645350.0,L046,21.534829,-1.936102,1171.860
456250.0,8645350.0,L046,25.552181,-2.162059,1172.502
456350.0,8645350.0,L046,28.540701,-2.359220,1172.500
456450.0,8645350.0,L046,30.477256,-2.527183,1171.783
456550.0,8645350.0,L046,31.386010,-2.665878,1170.295
456650.0,8645350.0,L046,31.340527,-2.775552,1167.991
456750.0,8645350.0,L046,30.460844,-2.856753,1164.843
456850.0,8645350.0,L046,28.905435,-2.910300,1160.841
456950.0,8645350.0,L046,26.858970,-2.937262,1155.987
457050.0,8645350.0,L046,24.517428,-2.938927,1150.304
457150.0,8645350.0,L046,22.072552,-2.916770,1143.828
457250.0,8645350.0,L046,19.697659,-2.872426,1136.609
457350.0,8645350.0,L046,17.536442,-2.807654,1128.712
457450.0,8645350.0,L046,15.695829,-2.724304,1120.212
457550.0,8645350.0,L046,14.243242,-2.624291,1111.193
457650.0,8645350.0,L046,13.207913,-2.509561,1101.747
457750.0,8645350.0,L046,12.585435,-2.382066,1091.971
457850.0,8645350.0,L046,12.344421,-2.243736,1081.961
457950.0,8645350.0,L046,12.434100,-2.096456,1071.819
458050.0,8645350.0,L046,12.791845,-1.942049,1061.640
458150.0,8645350.0,L046,13.349867,-1.782252,1051.518
458250.0,8645350.0,L046,14.040656,-1.618706,1041.542
458350.0,8645350.0,L046,14.800992,-1.452943,1031.792
458450.0,8645350.0,L046,15.574631,-1.286372,1022.343
458550.0,8645350.0,L046,16.313843,-1.120281,1013.260
458650.0,8645350.0,L046,16.980098,-0.955823,1004.600
458750.0,8645350.0,L046,17.544144,-0.794021,996.410
458850.0,8645350.0,L046,17.985711,-0.635764,988.729
458950.0,8645350.0,L046,18.292981,-0.481811,981.588
459050.0,8645350.0,L046,18.461954,-0.332796,975.008
459150.0,8645350.0,L046,18.495729,-0.189230,969.004
459250.0,8645350.0,L046,18.403737,-0.051509,963.583
459350.0,8645350.0,L046,18.200930,0.080078,958.746
459450.0,8645350.0,L046,17.906898,0.205341,954.491
459550.0,8645350.0,L046,17.544934,0.324183,950.807
450050.0,8644950.0,L050,-17.187818,-0.779789,1056.913
450150.0,8644950.0,L050,-17.443513,-0.686378,1061.404
450250.0,8644950.0,L050,-17.583271,-0.583974,1066.025
450350.0,8644950.0,L050,-17.565430,-0.471865,1070.783
450450.0,8644950.0,L050,-17.346523,-0.349368,1075.683
450550.0,8644950.0,L050,-16.881196,-0.215843,1080.725
450650.0,8644950.0,L050,-16.122111,-0.070718,1085.907
450750.0,8644950.0,L050,-15.019975,0.086495,1091.222
450850.0,8644950.0,L050,-13.523820,0.256174,1096.661
450950.0,8644950.0,L050,-11.581756,0.438567,1102.208
451050.0,8644950.0,L050,-9.142358,0.633769,1107.844
451150.0,8644950.0,L050,-6.156900,0.841699,1113.547
451250.0,8644950.0,L050,-2.582562,1.062081,1119.288
451350.0,8644950.0,L050,1.613332,1.294421,1125.037
451450.0,8644950.0,L050,6.448086,1.538000,1130.758
451550.0,8644950.0,L050,11.917648,1.791853,1136.413
451650.0,8644950.0,L050,17.990209,2.054767,1141.962
451750.0,8644950.0,L050,24.599962,2.325279,1147.363
451850.0,8644950.0,L050,31.641694,2.601675,1152.571
451950.0,8644950.0,L050,38.967008,2.882003,1157.543
452050.0,8644950.0,L050,46.382992,3.164090,1162.236
452150.0,8644950.0,L050,53.654075,3.445558,1166.606
452250.0,8644950.0,L050,60.507631,3.723859,1170.615
452350.0,8644950.0,L050,66.643598,3.996307,1174.225
452450.0,8644950.0,L050,71.748009,4.260115,1177.406
452550.0,8644950.0,L050,75.509900,4.512443,1180.128
452650.0,8644950.0,L050,77.640611,4.750440,1182.371
452750.0,8644950.0,L050,77.894132,4.971299,1184.119
452850.0,8644950.0,L050,76.086835,5.172305,1185.364
452950.0,8644950.0,L050,72.114832,5.350883,1186.107
453050.0,8644950.0,L050,65.967227,5.504649,1186.353
453150.0,8644950.0,L050,57.733825,5.631452,1186.120
453250.0,8644950.0,L050,47.606240,5.729415,1185.428
453350.0,8644950.0,L050,35.871953,5.796972,1184.311
453450.0,8644950.0,L050,22.901513,5.832893,1182.806
453550.0,8644950.0,L050,9.129692,5.836305,1180.958
453650.0,8644950.0,L050,-4.967978,5.806709,1178.819
453750.0,8644950.0,L050,-18.901449,5.743985,1176.444
453850.0,8644950.0,L050,-32.193076,5.648391,1173.895
453950.0,8644950.0,L050,-44.403081,5.520555,1171.233
454050.0,8644950.0,L050,-55.151585,5.361464,1168.523
454150.0,8644950.0,L050,-64.135614,5.172445,1165.830
454250.0,8644950.0,L050,-71.139951,4.955141,1163.214
454350.0,8644950.0,L050,-76.041322,4.711486,1160.735
454450.0,8644950.0,L050,-78.806001,4.443676,1158.446
454550.0,8644950.0,L050,-79.481507,4.154139,1156.395
454650.0,8644950.0,L050,-78.183586,3.845504,1154.621
454750.0,8644950.0,L050,-75.080047,3.520567,1153.154
454850.0,8644950.0,L050,-70.373304,3.182260,1152.012
454950.0,8644950.0,L050,-64.283512,2.833617,1151.205
455050.0,8644950.0,L050,-57.034121,2.477740,1150.729
455150.0,8644950.0,L050,-48.841306,2.117769,1150.568
455250.0,8644950.0,L050,-39.908252,1.756844,1150.693
455350.0,8644950.0,L050,-30.424563,1.398074,1151.065
455450.0,8644950.0,L050,-20.570277,1.044499,1151.633
455550.0,8644950.0,L050,-10.523148,0.699063,1152.337
455650.0,8644950.0,L050,-0.467203,0.364570,1153.107
455750.0,8644950.0,L050,9.399848,0.043660,1153.868
455850.0,8644950.0,L050,18.862748,-0.261227,1154.539
455950.0,8644950.0,L050,27.690328,-0.547884,1155.036
456050.0,8644950.0,L050,35.643627,-0.814355,1155.275
456150.0,8644950.0,L050,42.490291,-1.058966,1155.176
456250.0,8644950.0,L050,48.023649,-1.280337,1154.660
456350.0,8644950.0,L050,52.083732,-1.477402,1153.657
456450.0,8644950.0,L050,54.576792,-1.649409,1152.104
456550.0,8644950.0,L050,55.489803,-1.795926,1149.949
456650.0,8644950.0,L050,54.897104,-1.916834,1147.152
456750.0,8644950.0,L050,52.957549,-2.012320,1143.685
456850.0,8644950.0,L050,49.902142,-2.082855,1139.534
456950.0,8644950.0,L050,46.013727,-2.129177,1134.700
457050.0,8644950.0,L050,41.601596,-2.152263,1129.196
457150.0,8644950.0,L050,36.974558,-2.153302,1123.049
457250.0,8644950.0,L050,32.416079,-2.133661,1116.301
457350.0,8644950.0,L050,28.164453,-2.094854,1109.001
457450.0,8644950.0,L050,24.399910,-2.038509,1101.210
457550.0,8644950.0,L050,21.239310,-1.966332,1092.999
457650.0,8644950.0,L050,18.737867,-1.880077,1084.442
457750.0,8644950.0,L050,16.896456,-1.781516,1075.618
457850.0,8644950.0,L050,15.672548,-1.672411,1066.612
457950.0,8644950.0,L050,14.992749,-1.554489,1057.504
458050.0,8644950.0,L050,14.765157,-1.429420,1048.378
458150.0,8644950.0,L050,14.890246,-1.298798,1039.312
458250.0,8644950.0,L050,15.269521,-1.164128,1030.382
458350.0,8644950.0,L050,15.811700,-1.026810,1021.657
458450.0,8644950.0,L050,16.436587,-0.888136,1013.201
458550.0,8644950.0,L050,17.077015,-0.749275,1005.071
458650.0,8644950.0,L050,17.679360,-0.611280,997.316
458750.0,8644950.0,L050,18.203116,-0.475079,989.979
458850.0,8644950.0,L050,18.619926,-0.341477,983.094
458950.0,8644950.0,L050,18.912369,-0.211163,976.689
459050.0,8644950.0,L050,19.072683,-0.084711,970.785
459150.0,8644950.0,L050,19.101527,0.037417,965.395
459250.0,8644950.0,L050,19.006797,0.154858,960.529
459350.0,8644950.0,L050,18.802508,0.267346,956.190
459450.0,8644950.0,L050,18.507692,0.374703,952.375
459550.0,8644950.0,L050,18.145324,0.476828,949.080
450050.0,8644550.0,L054,-16.638644,-0.856315,1056.298
450150.0,8644550.0,L054,-16.920425,-0.775730,1061.184
450250.0,8644550.0,L054,-17.098043,-0.687833,1066.243
450350.0,8644550.0,L054,-17.134323,-0.592043,1071.479
450450.0,8644550.0,L054,-16.991604,-0.487803,1076.895
450550.0,8644550.0,L054,-16.631887,-0.374588,1082.489
450650.0,8644550.0,L054,-16.016937,-0.251928,1088.257
450750.0,8644550.0,L054,-15.108440,-0.119420,1094.188
450850.0,8644550.0,L054,-13.868329,0.023252,1100.269
450950.0,8644550.0,L054,-12.259409,0.176301,1106.480
451050.0,8644550.0,L054,-10.246443,0.339818,1112.800
451150.0,8644550.0,L054,-7.797825,0.513756,1119.199
451250.0,8644550.0,L054,-4.887956,0.697914,1125.645
451350.0,8644550.0,L054,-1.500365,0.891922,1132.102
451450.0,8644550.0,L054,2.368472,1.095229,1138.530
451550.0,8644550.0,L054,6.704766,1.307099,1144.884
451650.0,8644550.0,L054,11.472794,1.526600,1151.119
451750.0,8644550.0,L054,16.610439,1.752610,1157.185
451850.0,8644550.0,L054,22.025409,1.983818,1163.035
451950.0,8644550.0,L054,27.592754,2.218734,1168.617
452050.0,8644550.0,L054,33.154286,2.455702,1173.882
452150.0,8644550.0,L054,38.520465,2.692921,1178.783
452250.0,8644550.0,L054,43.475168,2.928471,1183.274
452350.0,8644550.0,L054,47.783537,3.160335,1187.314
452450.0,8644550.0,L054,51.202786,3.386435,1190.865
452550.0,8644550.0,L054,53.495561,3.604665,1193.894
452650.0,8644550.0,L054,54.445057,3.812928,1196.376
452750.0,8644550.0,L054,53.870825,4.009170,1198.291
452850.0,8644550.0,L054,51.643990,4.191416,1199.628
452950.0,8644550.0,L054,47.700489,4.357804,1200.381
453050.0,8644550.0,L054,42.051001,4.506618,1200.556
453150.0,8644550.0,L054,34.786427,4.636307,1200.164
453250.0,8644550.0,L054,26.078141,4.745516,1199.226
453350.0,8644550.0,L054,16.172672,4.833093,1197.771
453450.0,8644550.0,L054,5.380971,4.898108,1195.836
453550.0,8644550.0,L054,-5.937040,4.939852,1193.463
453650.0,8644550.0,L054,-17.391503,4.957839,1190.703
453750.0,8644550.0,L054,-28.583752,4.951802,1187.613
453850.0,8644550.0,L054,-39.127853,4.921687,1184.250
453950.0,8644550.0,L054,-48.670805,4.867640,1180.679
454050.0,8644550.0,L054,-56.909825,4.789994,1176.965
454150.0,8644550.0,L054,-63.605384,4.689266,1173.172
454250.0,8644550.0,L054,-68.589097,4.566138,1169.366
454350.0,8644550.0,L054,-71.766013,4.421454,1165.608
454450.0,8644550.0,L054,-73.111412,4.256211,1161.956
454550.0,8644550.0,L054,-72.662706,4.071560,1158.461
454650.0,8644550.0,L054,-70.507534,3.868798,1155.170
454750.0,8644550.0,L054,-66.769517,3.649378,1152.118
454850.0,8644550.0,L054,-61.593459,3.414900,1149.336
454950.0,8644550.0,L054,-55.131859,3.167121,1146.839
455050.0,8644550.0,L054,-47.534541,2.907945,1144.637
455150.0,8644550.0,L054,-38.942902,2.639426,1142.725
455250.0,8644550.0,L054,-29.489688,2.363756,1141.090
455350.0,8644550.0,L054,-19.304400,2.083249,1139.707
455450.0,8644550.0,L054,-8.523468,1.800321,1138.540
455550.0,8644550.0,L054,2.696690,1.517467,1137.546
455650.0,8644550.0,L054,14.166458,1.237221,1136.674
455750.0,8644550.0,L054,25.652887,0.962122,1135.863
455850.0,8644550.0,L054,36.875836,0.694670,1135.052
455950.0,8644550.0,L054,47.512854,0.437280,1134.173
456050.0,8644550.0,L054,57.213969,0.192238,1133.159
456150.0,8644550.0,L054,65.625778,-0.038349,1131.944
456250.0,8644550.0,L054,72.422304,-0.252589,1130.462
456350.0,8644550.0,L054,77.338490,-0.448844,1128.655
456450.0,8644550.0,L054,80.201205,-0.625761,1126.469
456550.0,8644550.0,L054,80.952631,-0.782294,1123.860
456650.0,8644550.0,L054,79.661833,-0.917715,1120.791
456750.0,8644550.0,L054,76.522187,-1.031623,1117.236
456850.0,8644550.0,L054,71.834650,-1.123932,1113.181
456950.0,8644550.0,L054,65.979168,-1.194866,1108.621
457050.0,8644550.0,L054,59.378423,-1.244933,1103.564
457150.0,8644550.0,L054,52.459104,-1.274899,1098.027
457250.0,8644550.0,L054,45.615970,-1.285756,1092.040
457350.0,8644550.0,L054,39.183026,-1.278688,1085.640
457450.0,8644550.0,L054,33.414617,-1.255031,1078.873
457550.0,8644550.0,L054,28.477407,-1.216237,1071.791
457650.0,8644550.0,L054,24.452453,-1.163837,1064.453
457750.0,8644550.0,L054,21.345304,-1.099402,1056.921
457850.0,8644550.0,L054,19.101320,-1.024517,1049.258
457950.0,8644550.0,L054,17.623268,-0.940744,1041.531
458050.0,8644550.0,L054,16.788646,-0.849606,1033.804
458150.0,8644550.0,L054,16.464869,-0.752557,1026.140
458250.0,8644550.0,L054,16.521227,-0.650970,1018.599
458350.0,8644550.0,L054,16.837297,-0.546125,1011.236
458450.0,8644550.0,L054,17.308029,-0.439195,1004.104
458550.0,8644550.0,L054,17.846091,-0.331244,997.248
458650.0,8644550.0,L054,18.382214,-0.223223,990.708
458750.0,8644550.0,L054,18.864222,-0.115970,984.520
458850.0,8644550.0,L054,19.255382,-0.010209,978.713
458950.0,8644550.0,L054,19.532460,0.093440,973.309
459050.0,8644550.0,L054,19.683802,0.194463,968.326
459150.0,8644550.0,L054,19.707536,0.292443,963.778
459250.0,8644550.0,L054,19.609970,0.387051,959.672
459350.0,8644550.0,L054,19.404143,0.478043,956.012
459450.0,8644550.0,L054,19.108516,0.565250,952.797
459550.0,8644550.0,L054,18.745729,0.648569,950.024
450050.0,8644150.0,L058,-16.087396,-0.946809,1049.163
450150.0,8644150.0,L058,-16.394149,-0.881403,1054.125
450250.0,8644150.0,L058,-16.607973,-0.810678,1059.292
450350.0,8644150.0,L058,-16.695947,-0.734210,1064.669
450450.0,8644150.0,L058,-16.625906,-0.651589,1070.255
450550.0,8644150.0,L058,-16.366783,-0.562433,1076.047
450650.0,8644150.0,L058,-15.888887,-0.466393,1082.036
450750.0,8644150.0,L058,-15.164165,-0.363169,1088.210
450850.0,8644150.0,L058,-14.166522,-0.252522,1094.552
450950.0,8644150.0,L058,-12.872299,-0.134284,1101.040
451050.0,8644150.0,L058,-11.261006,-0.008371,1107.648
451150.0,8644150.0,L058,-9.316406,0.125203,1114.345
451250.0,8644150.0,L058,-7.028034,0.266322,1121.095
451350.0,8644150.0,L058,-4.393169,0.414753,1127.860
451450.0,8644150.0,L058,-1.419255,0.570142,1134.595
451550.0,8644150.0,L058,1.873353,0.732013,1141.254
451650.0,8644150.0,L058,5.448500,0.899761,1147.787
451750.0,8644150.0,L058,9.251489,1.072659,1154.145
451850.0,8644150.0,L058,13.206833,1.249863,1160.273
451950.0,8644150.0,L058,17.216926,1.430419,1166.121
452050.0,8644150.0,L058,21.162048,1.613278,1171.636
452150.0,8644150.0,L058,24.902074,1.797309,1176.767
452250.0,8644150.0,L058,28.280181,1.981322,1181.468
452350.0,8644150.0,L058,31.128655,2.164085,1185.693
452450.0,8644150.0,L058,33.276734,2.344350,1189.403
452550.0,8644150.0,L058,34.560143,2.520872,1192.564
452650.0,8644150.0,L058,34.831790,2.692432,1195.145
452750.0,8644150.0,L058,33.972853,2.857860,1197.127
452850.0,8644150.0,L058,31.903343,3.016052,1198.493
452950.0,8644150.0,L058,28.591178,3.165980,1199.237
453050.0,8644150.0,L058,24.058828,3.306710,1199.361
453150.0,8644150.0,L058,18.386746,3.437398,1198.873
453250.0,8644150.0,L058,11.713026,3.557295,1197.792
453350.0,8644150.0,L058,4.229094,3.665740,1196.143
453450.0,8644150.0,L058,-3.828455,3.762149,1193.959
453550.0,8644150.0,L058,-12.189354,3.846001,1191.281
453650.0,8644150.0,L058,-20.563647,3.916821,1188.156
453750.0,8644150.0,L058,-28.657083,3.974166,1184.635
453850.0,8644150.0,L058,-36.186676,4.017605,1180.777
453950.0,8644150.0,L058,-42.895152,4.046707,1176.641
454050.0,8644150.0,L058,-48.563107,4.061033,1172.291
454150.0,8644150.0,L058,-53.017891,4.060134,1167.789
454250.0,8644150.0,L058,-56.138535,4.043553,1163.200
454350.0,8644150.0,L058,-57.856397,4.010844,1158.585
454450.0,8644150.0,L058,-58.151601,3.961589,1154.002
454550.0,8644150.0,L058,-57.045791,3.895430,1149.506
454650.0,8644150.0,L058,-54.592114,3.812102,1145.144
454750.0,8644150.0,L058,-50.863717,3.711479,1140.959
454850.0,8644150.0,L058,-45.942338,3.593607,1136.985
454950.0,8644150.0,L058,-39.908720,3.458755,1133.247
455050.0,8644150.0,L058,-32.836506,3.307444,1129.762
455150.0,8644150.0,L058,-24.791020,3.140482,1126.536
455250.0,8644150.0,L058,-15.833721,2.958982,1123.569
455350.0,8644150.0,L058,-6.032294,2.764371,1120.848
455450.0,8644150.0,L058,4.524730,2.558384,1118.354
455550.0,8644150.0,L058,15.711025,2.343048,1116.059
455650.0,8644150.0,L058,27.346346,2.120643,1113.926
455750.0,8644150.0,L058,39.184916,1.893661,1111.914
455850.0,8644150.0,L058,50.911923,1.664743,1109.978
455950.0,8644150.0,L058,62.150893,1.436620,1108.067
456050.0,8644150.0,L058,72.483117,1.212035,1106.130
456150.0,8644150.0,L058,81.478245,0.993676,1104.116
456250.0,8644150.0,L058,88.732911,0.784100,1101.974
456350.0,8644150.0,L058,93.912370,0.585670,1099.657
456450.0,8644150.0,L058,96.788972,0.400496,1097.122
456550.0,8644150.0,L058,97.271333,0.230386,1094.332
456650.0,8644150.0,L058,95.419223,0.076813,1091.255
456750.0,8644150.0,L058,91.441371,-0.059111,1087.868
456850.0,8644150.0,L058,85.676210,-0.176642,1084.157
456950.0,8644150.0,L058,78.558313,-0.275401,1080.114
457050.0,8644150.0,L058,70.575548,-0.355358,1075.740
457150.0,8644150.0,L058,62.223146,-0.416806,1071.046
457250.0,8644150.0,L058,53.960961,-0.460333,1066.050
457350.0,8644150.0,L058,46.179116,-0.486773,1060.776
457450.0,8644150.0,L058,39.175364,-0.497171,1055.257
457550.0,8644150.0,L058,33.145336,-0.492733,1049.528
457650.0,8644150.0,L058,28.184771,-0.474786,1043.631
457750.0,8644150.0,L058,24.301259,-0.444729,1037.611
457850.0,8644150.0,L058,21.432168,-0.403999,1031.514
457950.0,8644150.0,L058,19.465286,-0.354035,1025.388
458050.0,8644150.0,L058,18.259138,-0.296244,1019.279
458150.0,8644150.0,L058,17.660752,-0.231982,1013.234
458250.0,8644150.0,L058,17.519619,-0.162526,1007.297
458350.0,8644150.0,L058,17.697439,-0.089069,1001.509
458450.0,8644150.0,L058,18.073933,-0.012700,995.909
458550.0,8644150.0,L058,18.549427,0.065593,990.531
458650.0,8644150.0,L058,19.045075,0.144935,985.405
458750.0,8644150.0,L058,19.501570,0.224554,980.558
458850.0,8644150.0,L058,19.877053,0.303787,976.010
458950.0,8644150.0,L058,20.144742,0.382068,971.780
459050.0,8644150.0,L058,20.290600,0.458928,967.881
459150.0,8644150.0,L058,20.311211,0.533985,964.323
459250.0,8644150.0,L058,20.211910,0.606935,961.111
459350.0,8644150.0,L058,20.005144,0.677549,958.250
459450.0,8644150.0,L058,19.709020,0.745661,955.738
459550.0,8644150.0,L058,19.345977,0.811165,953.574
450050.0,8643750.0,L062,-15.527361,-1.030992,1036.310
450150.0,8643750.0,L062,-15.854552,-0.979712,1041.039
450250.0,8643750.0,L062,-16.097987,-0.924969,1045.998
450350.0,8643750.0,L062,-16.228201,-0.866485,1051.188
450450.0,8643750.0,L062,-16.217483,-0.803991,1056.606
450550.0,8643750.0,L062,-16.040375,-0.737235,1062.246
450650.0,8643750.0,L062,-15.674075,-0.665984,1068.098
450750.0,8643750.0,L062,-15.098765,-0.590035,1074.146
450850.0,8643750.0,L062,-14.297916,-0.509223,1080.372
450950.0,8643750.0,L062,-13.258609,-0.423424,1086.751
451050.0,8643750.0,L062,-11.971953,-0.332565,1093.256
451150.0,8643750.0,L062,-10.433651,-0.236630,1099.855
451250.0,8643750.0,L062,-8.644766,-0.135662,1106.511
451350.0,8643750.0,L062,-6.612728,-0.029771,1113.184
451450.0,8643750.0,L062,-4.352553,0.080867,1119.829
451550.0,8643750.0,L062,-1.888236,0.196009,1126.400
451650.0,8643750.0,L062,0.745806,0.315346,1132.848
451750.0,8643750.0,L062,3.503400,0.438510,1139.122
451850.0,8643750.0,L062,6.325607,0.565078,1145.170
451950.0,8643750.0,L062,9.140292,0.694582,1150.941
452050.0,8643750.0,L062,11.862511,0.826521,1156.383
452150.0,8643750.0,L062,14.395958,0.960372,1161.447
452250.0,8643750.0,L062,16.635626,1.095604,1166.085
452350.0,8643750.0,L062,18.471745,1.231696,1170.254
452450.0,8643750.0,L062,19.794943,1.368144,1173.913
452550.0,8643750.0,L062,20.502406,1.504480,1177.029
452650.0,8643750.0,L062,20.504690,1.640277,1179.573
452750.0,8643750.0,L062,19.732695,1.775159,1181.521
452850.0,8643750.0,L062,18.144222,1.908801,1182.858
452950.0,8643750.0,L062,15.729490,2.040927,1183.575
453050.0,8643750.0,L062,12.515040,2.171302,1183.672
453150.0,8643750.0,L062,8.565519,2.299716,1183.155
453250.0,8643750.0,L062,3.983014,2.425965,1182.039
453350.0,8643750.0,L062,-1.096177,2.549826,1180.345
453450.0,8643750.0,L062,-6.507249,2.671031,1178.103
453550.0,8643750.0,L062,-12.064696,2.789230,1175.349
453650.0,8643750.0,L062,-17.571674,2.903968,1172.124
453750.0,8643750.0,L062,-22.830190,3.014654,1168.476
453850.0,8643750.0,L062,-27.651289,3.120533,1164.456
453950.0,8643750.0,L062,-31.864383,3.220680,1160.121
454050.0,8643750.0,L062,-35.324942,3.313984,1155.528
454150.0,8643750.0,L062,-37.919869,3.399161,1150.736
454250.0,8643750.0,L062,-39.570089,3.474769,1145.805
454350.0,8643750.0,L062,-40.230150,3.539240,1140.793
454450.0,8643750.0,L062,-39.884884,3.590929,1135.756
454550.0,8643750.0,L062,-38.543538,3.628167,1130.747
454650.0,8643750.0,L062,-36.232081,3.649333,1125.815
454750.0,8643750.0,L062,-32.984701,3.652926,1121.003
454850.0,8643750.0,L062,-28.835785,3.637642,1116.347
454950.0,8643750.0,L062,-23.813783,3.602450,1111.879
455050.0,8643750.0,L062,-17.938365,3.546664,1107.621
455150.0,8643750.0,L062,-11.222019,3.469999,1103.589
455250.0,8643750.0,L062,-3.676738,3.372619,1099.790
455350.0,8643750.0,L062,4.674344,3.255165,1096.224
455450.0,8643750.0,L062,13.781472,3.118764,1092.883
455550.0,8643750.0,L062,23.551081,2.965013,1089.754
455650.0,8643750.0,L062,33.829912,2.795949,1086.814
455750.0,8643750.0,L062,44.393954,2.613996,1084.038
455850.0,8643750.0,L062,54.945631,2.421893,1081.396
455950.0,8643750.0,L062,65.121808,2.222614,1078.853
456050.0,8643750.0,L062,74.513701,2.019274,1076.373
456150.0,8643750.0,L062,82.697709,1.815034,1073.920
456250.0,8643750.0,L062,89.274053,1.613005,1071.455
456350.0,8643750.0,L062,93.908268,1.416153,1068.944
456450.0,8643750.0,L062,96.369492,1.227224,1066.354
456550.0,8643750.0,L062,96.559540,1.048667,1063.655
456650.0,8643750.0,L062,94.527894,0.882585,1060.822
456750.0,8643750.0,L062,90.469904,0.730694,1057.835
456850.0,8643750.0,L062,84.708205,0.594300,1054.679
456950.0,8643750.0,L062,77.660091,0.474298,1051.346
457050.0,8643750.0,L062,69.795736,0.371182,1047.833
457150.0,8643750.0,L062,61.593354,0.285064,1044.144
457250.0,8643750.0,L062,53.497433,0.215715,1040.286
457350.0,8643750.0,L062,45.885113,0.162601,1036.275
457450.0,8643750.0,L062,39.044003,0.124938,1032.128
457550.0,8643750.0,L062,33.162562,0.101735,1027.868
457650.0,8643750.0,L062,28.332172,0.091852,1023.522
457750.0,8643750.0,L062,24.558515,0.094042,1019.118
457850.0,8643750.0,L062,21.778998,0.107003,1014.685
457950.0,8643750.0,L062,19.882836,0.129412,1010.254
458050.0,8643750.0,L062,18.730830,0.159963,1005.857
458150.0,8643750.0,L062,18.172689,0.197395,1001.523
458250.0,8643750.0,L062,18.060625,0.240513,997.282
458350.0,8643750.0,L062,18.258862,0.288206,993.161
458450.0,8643750.0,L062,18.649307,0.339459,989.184
458550.0,8643750.0,L062,19.134080,0.393355,985.374
458650.0,8643750.0,L062,19.635739,0.449083,981.750
458750.0,8643750.0,L062,20.096025,0.505933,978.330
458850.0,8643750.0,L062,20.473838,0.563294,975.127
458950.0,8643750.0,L062,20.742922,0.620649,972.153
459050.0,8643750.0,L062,20.889595,0.677566,969.415
459150.0,8643750.0,L062,20.910669,0.733696,966.918
459250.0,8643750.0,L062,20.811625,0.788758,964.667
459350.0,8643750.0,L062,20.604997,0.842536,962.662
459450.0,8643750.0,L062,20.308946,0.894870,960.902
459550.0,8643750.0,L062,19.945941,0.945649,959.385
450050.0,8643350.0,L066,-14.956075,-1.096443,1019.432
450150.0,8643350.0,L066,-15.297934,-1.056148,1023.702
450250.0,8643350.0,L066,-15.562608,-1.013835,1028.217
450350.0,8643350.0,L066,-15.723099,-0.969341,1032.978
450450.0,8643350.0,L066,-15.754873,-0.922505,1037.977
450550.0,8643350.0,L066,-15.636461,-0.873179,1043.206
450650.0,8643350.0,L066,-15.349950,-0.821220,1048.653
450750.0,8643350.0,L066,-14.881351,-0.766504,1054.300
450850.0,8643350.0,L066,-14.220876,-0.708925,1060.128
450950.0,8643350.0,L066,-13.363142,-0.648398,1066.111
451050.0,8643350.0,L066,-12.307338,-0.584862,1072.220
451150.0,8643350.0,L066,-11.057402,-0.518284,1078.425
451250.0,8643350.0,L066,-9.622231,-0.448659,1084.687
451350.0,8643350.0,L066,-8.015965,-0.376009,1090.969
451450.0,8643350.0,L066,-6.258328,-0.300387,1097.227
451550.0,8643350.0,L066,-4.375029,-0.221868,1103.416
451650.0,8643350.0,L066,-2.398157,-0.140550,1109.491
451750.0,8643350.0,L066,-0.366499,-0.056548,1115.402
451850.0,8643350.0,L066,1.674330,0.030017,1121.101
451950.0,8643350.0,L066,3.672071,0.119019,1126.538
452050.0,8643350.0,L066,5.568445,0.210343,1131.667
452150.0,8643350.0,L066,7.300340,0.303891,1136.439
452250.0,8643350.0,L066,8.801633,0.399592,1140.812
452350.0,8643350.0,L066,10.005686,0.497413,1144.744
452450.0,8643350.0,L066,10.848448,0.597364,1148.197
452550.0,8643350.0,L066,11.272066,0.699503,1151.140
452650.0,8643350.0,L066,11.228775,0.803941,1153.543
452750.0,8643350.0,L066,10.684789,0.910833,1155.387
452850.0,8643350.0,L066,9.623877,1.020375,1156.653
452950.0,8643350.0,L066,8.050259,1.132788,1157.335
453050.0,8643350.0,L066,5.990506,1.248300,1157.428
453150.0,8643350.0,L066,3.494166,1.367119,1156.937
453250.0,8643350.0,L066,0.632941,1.489403,1155.874
453350.0,8643350.0,L066,-2.501638,1.615225,1154.257
453450.0,8643350.0,L066,-5.801961,1.744535,1152.110
453550.0,8643350.0,L066,-9.149285,1.877122,1149.464
453650.0,8643350.0,L066,-12.419531,2.012574,1146.354
453750.0,8643350.0,L066,-15.489500,2.150249,1142.823
453850.0,8643350.0,L066,-18.242988,2.289248,1138.914
453950.0,8643350.0,L066,-20.576300,2.428395,1134.678
454050.0,8643350.0,L066,-22.402667,2.566240,1130.165
454150.0,8643350.0,L066,-23.655160,2.701062,1125.428
454250.0,8643350.0,L066,-24.287818,2.830900,1120.520
454350.0,8643350.0,L066,-24.274851,2.953594,1115.496
454450.0,8643350.0,L066,-23.607972,3.066840,1110.405
454550.0,8643350.0,L066,-22.292134,3.168264,1105.298
454650.0,8643350.0,L066,-20.340161,3.255504,1100.222
454750.0,8643350.0,L066,-17.766999,3.326302,1095.218
454850.0,8643350.0,L066,-14.584490,3.378593,1090.325
454950.0,8643350.0,L066,-10.797707,3.410603,1085.575
455050.0,8643350.0,L066,-6.403865,3.420930,1080.994
455150.0,8643350.0,L066,-1.394652,3.408623,1076.604
455250.0,8643350.0,L066,4.237556,3.373236,1072.420
455350.0,8643350.0,L066,10.489750,3.314865,1068.449
455450.0,8643350.0,L066,17.335486,3.234171,1064.695
455550.0,8643350.0,L066,24.710953,3.132366,1061.154
455650.0,8643350.0,L066,32.502269,3.011186,1057.818
455750.0,8643350.0,L066,40.536802,2.872836,1054.673
455850.0,8643350.0,L066,48.581201,2.719918,1051.703
455950.0,8643350.0,L066,56.348156,2.555345,1048.887
456050.0,8643350.0,L066,63.512702,2.382240,1046.203
456150.0,8643350.0,L066,69.737266,2.203835,1043.625
456250.0,8643350.0,L066,74.702911,2.023362,1041.130
456350.0,8643350.0,L066,78.142798,1.843955,1038.693
456450.0,8643350.0,L066,79.873019,1.668560,1036.289
456550.0,8643350.0,L066,79.815967,1.499855,1033.898
456650.0,8643350.0,L066,78.012356,1.340186,1031.500
456750.0,8643350.0,L066,74.619740,1.191523,1029.078
456850.0,8643350.0,L066,69.897542,1.055435,1026.619
456950.0,8643350.0,L066,64.180810,0.933075,1024.114
457050.0,8643350.0,L066,57.846621,0.825191,1021.557
457150.0,8643350.0,L066,51.278041,0.732143,1018.946
457250.0,8643350.0,L066,44.830550,0.653942,1016.282
457350.0,8643350.0,L066,38.805028,0.590281,1013.571
457450.0,8643350.0,L066,33.429912,0.540593,1010.821
457550.0,8643350.0,L066,28.853471,0.504096,1008.042
457650.0,8643350.0,L066,25.145475,0.479844,1005.248
457750.0,8643350.0,L066,22.306354,0.466776,1002.452
457850.0,8643350.0,L066,20.281241,0.463765,999.670
457950.0,8643350.0,L066,18.976178,0.469655,996.919
458050.0,8643350.0,L066,18.274111,0.483295,994.214
458150.0,8643350.0,L066,18.048926,0.503570,991.572
458250.0,8643350.0,L066,18.176532,0.529425,989.007
458350.0,8643350.0,L066,18.542662,0.559875,986.534
458450.0,8643350.0,L066,19.047612,0.594023,984.164
458550.0,8643350.0,L066,19.608440,0.631060,981.910
458650.0,8643350.0,L066,20.159308,0.670274,979.779
458750.0,8643350.0,L066,20.650619,0.711040,977.781
458850.0,8643350.0,L066,21.047495,0.752825,975.919
458950.0,8643350.0,L066,21.327997,0.795176,974.199
459050.0,8643350.0,L066,21.481337,0.837718,972.622
459150.0,8643350.0,L066,21.506208,0.880144,971.190
459250.0,8643350.0,L066,21.409271,0.922208,969.901
459350.0,8643350.0,L066,21.203784,0.963717,968.754
459450.0,8643350.0,L066,20.908336,1.004527,967.745
459550.0,8643350.0,L066,20.545641,1.044531,966.872
450050.0,8642950.0,L070,-14.374406,-1.140098,1000.731
450150.0,8642950.0,L070,-14.725624,-1.107133,1004.431
450250.0,8642950.0,L070,-15.003842,-1.073114,1008.389
450350.0,8642950.0,L070,-15.183636,-1.037956,1012.601
450450.0,8642950.0,L070,-15.242488,-1.001574,1017.058
450550.0,8642950.0,L070,-15.161461,-0.963886,1021.749
450650.0,8642950.0,L070,-14.925741,-0.924815,1026.659
450750.0,8642950.0,L070,-14.525027,-0.884290,1031.770
450850.0,8642950.0,L070,-13.953787,-0.842249,1037.061
450950.0,8642950.0,L070,-13.211379,-0.798637,1042.505
451050.0,8642950.0,L070,-12.302054,-0.753409,1048.075
451150.0,8642950.0,L070,-11.234881,-0.706528,1053.738
451250.0,8642950.0,L070,-10.023591,-0.657968,1059.460
451350.0,8642950.0,L070,-8.686387,-0.607710,1065.203
451450.0,8642950.0,L070,-7.245727,-0.555739,1070.927
451550.0,8642950.0,L070,-5.728075,-0.502044,1076.590
451650.0,8642950.0,L070,-4.163631,-0.446612,1082.148
451750.0,8642950.0,L070,-2.585992,-0.389423,1087.558
451850.0,8642950.0,L070,-1.031732,-0.330445,1092.775
451950.0,8642950.0,L070,0.460169,-0.269625,1097.753
452050.0,8642950.0,L070,1.849084,-0.206886,1102.449
452150.0,8642950.0,L070,3.093732,-0.142115,1106.822
452250.0,8642950.0,L070,4.153435,-0.075163,1110.830
452350.0,8642950.0,L070,4.989647,-0.005834,1114.437
452450.0,8642950.0,L070,5.567709,0.066117,1117.609
452550.0,8642950.0,L070,5.858772,0.140981,1120.316
452650.0,8642950.0,L070,5.841774,0.219096,1122.533
452750.0,8642950.0,L070,5.505320,0.300841,1124.239
452850.0,8642950.0,L070,4.849315,0.386620,1125.420
452950.0,8642950.0,L070,3.886158,0.476850,1126.066
453050.0,8642950.0,L070,2.641356,0.571937,1126.174
453150.0,8642950.0,L070,1.153416,0.672249,1125.746
453250.0,8642950.0,L070,-0.527055,0.778087,1124.791
453350.0,8642950.0,L070,-2.339043,0.889649,1123.323
453450.0,8642950.0,L070,-4.213571,1.006992,1121.362
453550.0,8642950.0,L070,-6.076740,1.129999,1118.932
453650.0,8642950.0,L070,-7.853176,1.258342,1116.066
453750.0,8642950.0,L070,-9.469636,1.391450,1112.796
453850.0,8642950.0,L070,-10.858477,1.528490,1109.161
453950.0,8642950.0,L070,-11.960722,1.668349,1105.203
454050.0,8642950.0,L070,-12.728431,1.809635,1100.967
454150.0,8642950.0,L070,-13.126170,1.950686,1096.497
454250.0,8642950.0,L070,-13.131402,2.089593,1091.841
454350.0,8642950.0,L070,-12.733736,2.224247,1087.045
454450.0,8642950.0,L070,-11.933078,2.352386,1082.157
454550.0,8642950.0,L070,-10.736829,2.471667,1077.221
454650.0,8642950.0,L070,-9.156459,2.579740,1072.279
454750.0,8642950.0,L070,-7.203884,2.674337,1067.373
454850.0,8642950.0,L070,-4.888225,2.753354,1062.540
454950.0,8642950.0,L070,-2.213581,2.814940,1057.812
455050.0,8642950.0,L070,0.821520,2.857576,1053.218
455150.0,8642950.0,L070,4.222476,2.880148,1048.783
455250.0,8642950.0,L070,7.994465,2.881996,1044.526
455350.0,8642950.0,L070,12.135907,2.862957,1040.464
455450.0,8642950.0,L070,16.630112,2.823379,1036.605
455550.0,8642950.0,L070,21.436213,2.764120,1032.956
455650.0,8642950.0,L070,26.480943,2.686520,1029.518
455750.0,8642950.0,L070,31.653065,2.592356,1026.289
455850.0,8642950.0,L070,36.802189,2.483784,1023.262
455950.0,8642950.0,L070,41.743314,2.363254,1020.429
456050.0,8642950.0,L070,46.267580,2.233432,1017.778
456150.0,8642950.0,L070,50.158727,2.097098,1015.296
456250.0,8642950.0,L070,53.213552,1.957063,1012.969
456350.0,8642950.0,L070,55.263779,1.816071,1010.780
456450.0,8642950.0,L070,56.196128,1.676723,1008.715
456550.0,8642950.0,L070,55.967446,1.541400,1006.759
456650.0,8642950.0,L070,54.612336,1.412212,1004.897
456750.0,8642950.0,L070,52.241886,1.290955,1003.117
456850.0,8642950.0,L070,49.033538,1.179081,1001.407
456950.0,8642950.0,L070,45.213546,1.077690,999.758
457050.0,8642950.0,L070,41.034633,0.987534,998.161
457150.0,8642950.0,L070,36.752075,0.909034,996.612
457250.0,8642950.0,L070,32.601463,0.842305,995.107
457350.0,8642950.0,L070,28.780825,0.787192,993.643
457450.0,8642950.0,L070,25.438849,0.743308,992.220
457550.0,8642950.0,L070,22.669817,0.710082,990.839
457650.0,8642950.0,L070,20.514787,0.686796,989.502
457750.0,8642950.0,L070,18.967759,0.672631,988.212
457850.0,8642950.0,L070,17.985111,0.666707,986.972
457950.0,8642950.0,L070,17.496510,0.668112,985.787
458050.0,8642950.0,L070,17.415722,0.675938,984.660
458150.0,8642950.0,L070,17.650172,0.689301,983.594
458250.0,8642950.0,L070,18.108569,0.707365,982.593
458350.0,8642950.0,L070,18.706392,0.729347,981.658
458450.0,8642950.0,L070,19.369339,0.754537,980.791
458550.0,8642950.0,L070,20.035100,0.782296,979.993
458650.0,8642950.0,L070,20.653860,0.812059,979.262
458750.0,8642950.0,L070,21.187974,0.843334,978.599
458850.0,8642950.0,L070,21.611150,0.875701,978.000
458950.0,8642950.0,L070,21.907404,0.908804,977.462
459050.0,8642950.0,L070,22.069942,0.942349,976.981
459150.0,8642950.0,L070,22.100050,0.976092,976.553
459250.0,8642950.0,L070,22.006021,1.009840,976.174
459350.0,8642950.0,L070,21.802110,1.043441,975.837
459450.0,8642950.0,L070,21.507493,1.076776,975.536
459550.0,8642950.0,L070,21.145227,1.109758,975.268
450050.0,8642550.0,L074,-13.784888,-1.165422,982.430
450150.0,8642550.0,L074,-14.141456,-1.136710,985.563
450250.0,8642550.0,L074,-14.427417,-1.107506,988.965
450350.0,8642550.0,L074,-14.618245,-1.077768,992.629
450450.0,8642550.0,L074,-14.692572,-1.047457,996.543
450550.0,8642550.0,L074,-14.632910,-1.016533,1000.694
450650.0,8642550.0,L074,-14.426210,-0.984956,1005.066
450750.0,8642550.0,L074,-14.064276,-0.952692,1009.637
450850.0,8642550.0,L074,-13.544002,-0.919705,1014.387
450950.0,8642550.0,L074,-12.867445,-0.885963,1019.288
451050.0,8642550.0,L074,-12.041738,-0.851438,1024.313
451150.0,8642550.0,L074,-11.078863,-0.816100,1029.430
451250.0,8642550.0,L074,-9.995285,-0.779921,1034.606
451350.0,8642550.0,L074,-8.811501,-0.742874,1039.805
451450.0,8642550.0,L074,-7.551485,-0.704926,1044.990
451550.0,8642550.0,L074,-6.242082,-0.666039,1050.121
451650.0,8642550.0,L074,-4.912345,-0.626167,1055.159
451750.0,8642550.0,L074,-3.592831,-0.585251,1060.063
451850.0,8642550.0,L074,-2.314858,-0.543216,1064.793
451950.0,8642550.0,L074,-1.109719,-0.499962,1069.308
452050.0,8642550.0,L074,-0.007849,-0.455368,1073.569
452150.0,8642550.0,L074,0.962056,-0.409277,1077.538
452250.0,8642550.0,L074,1.773967,-0.361503,1081.180
452350.0,8642550.0,L074,2.405491,-0.311818,1084.462
452450.0,8642550.0,L074,2.838848,-0.259961,1087.352
452550.0,8642550.0,L074,3.061820,-0.205628,1089.825
452650.0,8642550.0,L074,3.068629,-0.148486,1091.858
452750.0,8642550.0,L074,2.860662,-0.088171,1093.433
452850.0,8642550.0,L074,2.446978,-0.024304,1094.534
452950.0,8642550.0,L074,1.844534,0.043500,1095.154
453050.0,8642550.0,L074,1.078057,0.115611,1095.289
453150.0,8642550.0,L074,0.179513,0.192365,1094.938
453250.0,8642550.0,L074,-0.812821,0.274040,1094.109
453350.0,8642550.0,L074,-1.855696,0.360828,1092.813
453450.0,8642550.0,L074,-2.902575,0.452810,1091.064
453550.0,8642550.0,L074,-3.905576,0.549925,1088.885
453650.0,8642550.0,L074,-4.817578,0.651949,1086.299
453750.0,8642550.0,L074,-5.594327,0.758467,1083.335
453850.0,8642550.0,L074,-6.196419,0.868861,1080.026
453950.0,8642550.0,L074,-6.590990,0.982295,1076.406
454050.0,8642550.0,L074,-6.752986,1.097719,1072.514
454150.0,8642550.0,L074,-6.665887,1.213874,1068.387
454250.0,8642550.0,L074,-6.321817,1.329312,1064.068
454350.0,8642550.0,L074,-5.720995,1.442428,1059.597
454450.0,8642550.0,L074,-4.870556,1.551499,1055.015
454550.0,8642550.0,L074,-3.782834,1.654732,1050.363
454650.0,8642550.0,L074,-2.473271,1.750329,1045.681
454750.0,8642550.0,L074,-0.958200,1.836540,1041.006
454850.0,8642550.0,L074,0.747205,1.911739,1036.373
454950.0,8642550.0,L074,2.630433,1.974476,1031.816
455050.0,8642550.0,L074,4.682270,2.023548,1027.365
455150.0,8642550.0,L074,6.896240,2.058045,1023.047
455250.0,8642550.0,L074,9.266705,2.077390,1018.884
455350.0,8642550.0,L074,11.785648,2.081374,1014.897
455450.0,8642550.0,L074,14.438459,2.070162,1011.103
455550.0,8642550.0,L074,17.199289,2.044298,1007.512
455650.0,8642550.0,L074,20.026798,2.004682,1004.136
455750.0,8642550.0,L074,22.861283,1.952542,1000.979
455850.0,8642550.0,L074,25.624081,1.889387,998.045
455950.0,8642550.0,L074,28.219992,1.816950,995.333
456050.0,8642550.0,L074,30.542968,1.737128,992.841
456150.0,8642550.0,L074,32.484786,1.651913,990.565
456250.0,8642550.0,L074,33.945825,1.563326,988.498
456350.0,8642550.0,L074,34.846514,1.473349,986.633
456450.0,8642550.0,L074,35.137777,1.383866,984.960
456550.0,8642550.0,L074,34.808756,1.296612,983.472
456650.0,8642550.0,L074,33.890476,1.213131,982.158
456750.0,8642550.0,L074,32.454700,1.134744,981.009
456850.0,8642550.0,L074,30.608026,1.062530,980.014
456950.0,8642550.0,L074,28.482004,0.997317,979.165
457050.0,8642550.0,L074,26.220723,0.939684,978.453
457150.0,8642550.0,L074,23.967614,0.889973,977.869
457250.0,8642550.0,L074,21.853217,0.848306,977.405
457350.0,8642550.0,L074,19.985407,0.814614,977.055
457450.0,8642550.0,L074,18.442979,0.788658,976.811
457550.0,8642550.0,L074,17.272960,0.770068,976.667
457650.0,8642550.0,L074,16.491375,0.758365,976.616
457750.0,8642550.0,L074,16.086789,0.753000,976.652
457850.0,8642550.0,L074,16.025694,0.753374,976.769
457950.0,8642550.0,L074,16.258751,0.758869,976.960
458050.0,8642550.0,L074,16.727042,0.768864,977.219
458150.0,8642550.0,L074,17.367675,0.782755,977.539
458250.0,8642550.0,L074,18.118377,0.799970,977.914
458350.0,8642550.0,L074,18.920925,0.819975,978.334
458450.0,8642550.0,L074,19.723475,0.842283,978.792
458550.0,8642550.0,L074,20.481950,0.866458,979.280
458650.0,8642550.0,L074,21.160694,0.892115,979.788
458750.0,8642550.0,L074,21.732625,0.918918,980.307
458850.0,8642550.0,L074,22.179037,0.946581,980.827
458950.0,8642550.0,L074,22.489209,0.974862,981.340
459050.0,8642550.0,L074,22.659874,1.003560,981.834
459150.0,8642550.0,L074,22.694609,1.032511,982.301
459250.0,8642550.0,L074,22.603150,1.061582,982.732
459350.0,8642550.0,L074,22.400630,1.090668,983.116
459450.0,8642550.0,L074,22.106748,1.119689,983.445
459550.0,8642550.0,L074,21.744861,1.148583,983.713
450050.0,8642150.0,L078,-13.190282,-1.178300,966.377
450150.0,8642150.0,L078,-13.549604,-1.151752,969.022
450250.0,8642150.0,L078,-13.839552,-1.124999,971.947
450350.0,8642150.0,L078,-14.036061,-1.098022,975.140
450450.0,8642150.0,L078,-14.118358,-1.070804,978.590
450550.0,8642150.0,L078,-14.069700,-1.043329,982.280
450650.0,8642150.0,L078,-13.877952,-1.015577,986.191
450750.0,8642150.0,L078,-13.536003,-0.987534,990.303
450850.0,8642150.0,L078,-13.042002,-0.959182,994.593
450950.0,8642150.0,L078,-12.399402,-0.930504,999.033
451050.0,8642150.0,L078,-11.616832,-0.901484,1003.595
451150.0,8642150.0,L078,-10.707786,-0.872105,1008.249
451250.0,8642150.0,L078,-9.690159,-0.842346,1012.961
451350.0,8642150.0,L078,-8.585650,-0.812188,1017.699
451450.0,8642150.0,L078,-7.419047,-0.781602,1022.427
451550.0,8642150.0,L078,-6.217431,-0.750559,1027.107
451650.0,8642150.0,L078,-5.009313,-0.719018,1031.704
451750.0,8642150.0,L078,-3.823739,-0.686930,1036.180
451850.0,8642150.0,L078,-2.689386,-0.654234,1040.497
451950.0,8642150.0,L078,-1.633661,-0.620851,1044.620
452050.0,8642150.0,L078,-0.681825,-0.586687,1048.513
452150.0,8642150.0,L078,0.143824,-0.551627,1052.142
452250.0,8642150.0,L078,0.824726,-0.515533,1055.475
452350.0,8642150.0,L078,1.346734,-0.478244,1058.482
452450.0,8642150.0,L078,1.700699,-0.439576,1061.137
452550.0,8642150.0,L078,1.882929,-0.399320,1063.415
452650.0,8642150.0,L078,1.895499,-0.357249,1065.295
452750.0,8642150.0,L078,1.746391,-0.313119,1066.762
452850.0,8642150.0,L078,1.449429,-0.266674,1067.802
452950.0,8642150.0,L078,1.024004,-0.217662,1068.407
453050.0,8642150.0,L078,0.494564,-0.165837,1068.572
453150.0,8642150.0,L078,-0.110124,-0.110977,1068.297
453250.0,8642150.0,L078,-0.757933,-0.052897,1067.586
453350.0,8642150.0,L078,-1.414536,0.008532,1066.447
453450.0,8642150.0,L078,-2.044704,0.073370,1064.894
453550.0,8642150.0,L078,-2.613703,0.141591,1062.943
453650.0,8642150.0,L078,-3.088722,0.213063,1060.615
453750.0,8642150.0,L078,-3.440232,0.287541,1057.933
453850.0,8642150.0,L078,-3.643221,0.364651,1054.924
453950.0,8642150.0,L078,-3.678212,0.443887,1051.619
454050.0,8642150.0,L078,-3.532001,0.524611,1048.049
454150.0,8642150.0,L078,-3.198045,0.606057,1044.248
454250.0,8642150.0,L078,-2.676484,0.687343,1040.252
454350.0,8642150.0,L078,-1.973764,0.767488,1036.097
454450.0,8642150.0,L078,-1.101887,0.845440,1031.821
454550.0,8642150.0,L078,-0.077327,0.920104,1027.459
454650.0,8642150.0,L078,1.080284,0.990378,1023.048
454750.0,8642150.0,L078,2.349608,1.055190,1018.625
454850.0,8642150.0,L078,3.709010,1.113536,1014.222
454950.0,8642150.0,L078,5.137773,1.164522,1009.873
455050.0,8642150.0,L078,6.616925,1.207398,1005.609
455150.0,8642150.0,L078,8.129538,1.241592,1001.457
455250.0,8642150.0,L078,9.660407,1.266728,997.444
455350.0,8642150.0,L078,11.195093,1.282653,993.593
455450.0,8642150.0,L078,12.718469,1.289439,989.925
455550.0,8642150.0,L078,14.212984,1.287384,986.457
455650.0,8642150.0,L078,15.657026,1.277003,983.204
455750.0,8642150.0,L078,17.023773,1.259006,980.179
455850.0,8642150.0,L078,18.280964,1.234275,977.390
455950.0,8642150.0,L078,19.391884,1.203828,974.845
456050.0,8642150.0,L078,20.317698,1.168785,972.548
456150.0,8642150.0,L078,21.020996,1.130322,970.502
456250.0,8642150.0,L078,21.470189,1.089638,968.706
456350.0,8642150.0,L078,21.644121,1.047909,967.159
456450.0,8642150.0,L078,21.536176,1.006257,965.857
456550.0,8642150.0,L078,21.157145,0.965719,964.797
456650.0,8642150.0,L078,20.536271,0.927216,963.970
456750.0,8642150.0,L078,19.720175,0.891542,963.372
456850.0,8642150.0,L078,18.769682,0.859347,962.992
456950.0,8642150.0,L078,17.754953,0.831133,962.824
457050.0,8642150.0,L078,16.749536,0.807256,962.856
457150.0,8642150.0,L078,15.824166,0.787930,963.079
457250.0,8642150.0,L078,15.041074,0.773242,963.482
457350.0,8642150.0,L078,14.449497,0.763161,964.053
457450.0,8642150.0,L078,14.082778,0.757560,964.782
457550.0,8642150.0,L078,13.957229,0.756230,965.655
457650.0,8642150.0,L078,14.072634,0.758902,966.661
457750.0,8642150.0,L078,14.414086,0.765261,967.785
457850.0,8642150.0,L078,14.954730,0.774963,969.014
457950.0,8642150.0,L078,15.658971,0.787652,970.335
458050.0,8642150.0,L078,16.485748,0.802972,971.731
458150.0,8642150.0,L078,17.391563,0.820574,973.189
458250.0,8642150.0,L078,18.333092,0.840127,974.694
458350.0,8642150.0,L078,19.269289,0.861324,976.229
458450.0,8642150.0,L078,20.162974,0.883885,977.778
458550.0,8642150.0,L078,20.981973,0.907557,979.326
458650.0,8642150.0,L078,21.699876,0.932118,980.856
458750.0,8642150.0,L078,22.296493,0.957376,982.353
458850.0,8642150.0,L078,22.758074,0.983166,983.800
458950.0,8642150.0,L078,23.077331,1.009348,985.183
459050.0,8642150.0,L078,23.253301,1.035807,986.486
459150.0,8642150.0,L078,23.291057,1.062448,987.696
459250.0,8642150.0,L078,23.201275,1.089195,988.798
459350.0,8642150.0,L078,22.999664,1.115988,989.781
459450.0,8642150.0,L078,22.706262,1.142779,990.633
459550.0,8642150.0,L078,22.344622,1.169533,991.344
450050.0,8641750.0,L082,-12.592787,-1.184070,953.822
450150.0,8641750.0,L082,-12.953389,-1.158493,956.085
450250.0,8641750.0,L082,-13.245190,-1.132839,958.634
450350.0,8641750.0,L082,-13.444340,-1.107102,961.459
450450.0,8641750.0,L082,-13.530345,-1.081273,964.544
450550.0,8641750.0,L082,-13.486809,-1.055348,967.871
450650.0,8641750.0,L082,-13.302023,-1.029319,971.422
450750.0,8641750.0,L082,-12.969386,-1.003179,975.174
450850.0,8641750.0,L082,-12.487635,-0.976920,979.101
450950.0,8641750.0,L082,-11.860882,-0.950537,983.179
451050.0,8641750.0,L082,-11.098461,-0.924020,987.377
451150.0,8641750.0,L082,-10.214585,-0.897361,991.667
451250.0,8641750.0,L082,-9.227837,-0.870550,996.016
451350.0,8641750.0,L082,-8.160501,-0.843576,1000.392
451450.0,8641750.0,L082,-7.037781,-0.816423,1004.760
451550.0,8641750.0,L082,-5.886908,-0.789073,1009.086
451650.0,8641750.0,L082,-4.736196,-0.761506,1013.337
451750.0,8641750.0,L082,-3.614053,-0.733692,1017.476
451850.0,8641750.0,L082,-2.547997,-0.705596,1021.470
451950.0,8641750.0,L082,-1.563707,-0.677177,1025.285
452050.0,8641750.0,L082,-0.684127,-0.648381,1028.888
452150.0,8641750.0,L082,0.071337,-0.619147,1032.250
452250.0,8641750.0,L082,0.687509,-0.589401,1035.341
452350.0,8641750.0,L082,1.153998,-0.559056,1038.133
452450.0,8641750.0,L082,1.465606,-0.528015,1040.603
452550.0,8641750.0,L082,1.622560,-0.496169,1042.728
452650.0,8641750.0,L082,1.630570,-0.463399,1044.491
452750.0,8641750.0,L082,1.500699,-0.429578,1045.875
452850.0,8641750.0,L082,1.249042,-0.394575,1046.869
452950.0,8641750.0,L082,0.896218,-0.358257,1047.464
453050.0,8641750.0,L082,0.466689,-0.320500,1047.656
453150.0,8641750.0,L082,-0.012080,-0.281189,1047.444
453250.0,8641750.0,L082,-0.510602,-0.240229,1046.830
453350.0,8641750.0,L082,-0.998438,-0.197551,1045.822
453450.0,8641750.0,L082,-1.445341,-0.153124,1044.429
453550.0,8641750.0,L082,-1.822403,-0.106959,1042.665
453650.0,8641750.0,L082,-2.103180,-0.059118,1040.549
453750.0,8641750.0,L082,-2.264725,-0.009721,1038.099
453850.0,8641750.0,L082,-2.288488,0.041047,1035.339
453950.0,8641750.0,L082,-2.161042,0.092938,1032.295
454050.0,8641750.0,L082,-1.874580,0.145635,1028.994
454150.0,8641750.0,L082,-1.427175,0.198761,1025.468
454250.0,8641750.0,L082,-0.822767,0.251878,1021.747
454350.0,8641750.0,L082,-0.070881,0.304502,1017.864
454450.0,8641750.0,L082,0.813910,0.356112,1013.852
454550.0,8641750.0,L082,1.812760,0.406164,1009.746
454650.0,8641750.0,L082,2.903504,0.454112,1005.579
454750.0,8641750.0,L082,4.061745,0.499424,1001.385
454850.0,8641750.0,L082,5.261980,0.541601,997.198
454950.0,8641750.0,L082,6.478696,0.580198,993.049
455050.0,8641750.0,L082,7.687337,0.614840,988.970
455150.0,8641750.0,L082,8.865066,0.645237,984.989
455250.0,8641750.0,L082,9.991263,0.671201,981.135
455350.0,8641750.0,L082,11.047739,0.692647,977.432
455450.0,8641750.0,L082,12.018680,0.709605,973.904
455550.0,8641750.0,L082,12.890405,0.722214,970.574
455650.0,8641750.0,L082,13.651031,0.730719,967.458
455750.0,8641750.0,L082,14.290214,0.735463,964.575
455850.0,8641750.0,L082,14.799083,0.736872,961.938
455950.0,8641750.0,L082,15.170495,0.735442,959.559
456050.0,8641750.0,L082,15.399650,0.731715,957.447
456150.0,8641750.0,L082,15.485043,0.726265,955.609
456250.0,8641750.0,L082,15.429610,0.719677,954.050
456350.0,8641750.0,L082,15.241875,0.712525,952.772
456450.0,8641750.0,L082,14.936843,0.705357,951.776
456550.0,8641750.0,L082,14.536402,0.698680,951.060
456650.0,8641750.0,L082,14.069034,0.692946,950.621
456750.0,8641750.0,L082,13.568773,0.688545,950.453
456850.0,8641750.0,L082,13.073417,0.685795,950.550
456950.0,8641750.0,L082,12.622178,0.684945,950.903
457050.0,8641750.0,L082,12.253019,0.686171,951.503
457150.0,8641750.0,L082,11.999983,0.689581,952.337
457250.0,8641750.0,L082,11.890816,0.695220,953.393
457350.0,8641750.0,L082,11.945149,0.703076,954.658
457450.0,8641750.0,L082,12.173375,0.713090,956.116
457550.0,8641750.0,L082,12.576305,0.725165,957.751
457650.0,8641750.0,L082,13.145532,0.739170,959.545
457750.0,8641750.0,L082,13.864411,0.754956,961.482
457850.0,8641750.0,L082,14.709468,0.772358,963.541
457950.0,8641750.0,L082,15.652069,0.791204,965.703
458050.0,8641750.0,L082,16.660189,0.811323,967.948
458150.0,8641750.0,L082,17.700145,0.832548,970.256
458250.0,8641750.0,L082,18.738204,0.854719,972.603
458350.0,8641750.0,L082,19.742005,0.877689,974.971
458450.0,8641750.0,L082,20.681789,0.901322,977.335
458550.0,8641750.0,L082,21.531402,0.925498,979.676
458650.0,8641750.0,L082,22.269112,0.950109,981.972
458750.0,8641750.0,L082,22.878216,0.975063,984.201
458850.0,8641750.0,L082,23.347470,1.000280,986.343
458950.0,8641750.0,L082,23.671322,1.025694,988.379
459050.0,8641750.0,L082,23.849976,1.051250,990.290
459150.0,8641750.0,L082,23.889261,1.076900,992.057
459250.0,8641750.0,L082,23.800327,1.102610,993.665
459350.0,8641750.0,L082,23.599175,1.128350,995.097
459450.0,8641750.0,L082,23.306016,1.154096,996.341
459550.0,8641750.0,L082,22.944501,1.179833,997.384
450050.0,8641350.0,L086,-11.993838,-1.186357,945.392
450150.0,8641350.0,L086,-12.354978,-1.161164,947.360
450250.0,8641350.0,L086,-12.647557,-1.135946,949.618
450350.0,8641350.0,L086,-12.847818,-1.110700,952.152
450450.0,8641350.0,L086,-12.935382,-1.085424,954.945
450550.0,8641350.0,L086,-12.894002,-1.060115,957.979
450650.0,8641350.0,L086,-12.712149,-1.034771,961.234
450750.0,8641350.0,L086,-12.383437,-1.009389,964.688
450850.0,8641350.0,L086,-11.906856,-0.983968,968.315
450950.0,8641350.0,L086,-11.286798,-0.958503,972.089
451050.0,8641350.0,L086,-10.532901,-0.932993,975.982
451150.0,8641350.0,L086,-9.659691,-0.907434,979.964
451250.0,8641350.0,L086,-8.686048,-0.881820,984.005
451350.0,8641350.0,L086,-7.634524,-0.856148,988.073
451450.0,8641350.0,L086,-6.530514,-0.830412,992.137
451550.0,8641350.0,L086,-5.401342,-0.804603,996.162
451650.0,8641350.0,L086,-4.275268,-0.778712,1000.118
451750.0,8641350.0,L086,-3.180468,-0.752728,1003.971
451850.0,8641350.0,L086,-2.144019,-0.726634,1007.689
451950.0,8641350.0,L086,-1.190918,-0.700413,1011.242
452050.0,8641350.0,L086,-0.343184,-0.674044,1014.599
452150.0,8641350.0,L086,0.380938,-0.647499,1017.733
452250.0,8641350.0,L086,0.967646,-0.620748,1020.616
452350.0,8641350.0,L086,1.408082,-0.593754,1023.224
452450.0,8641350.0,L086,1.698669,-0.566477,1025.534
452550.0,8641350.0,L086,1.841255,-0.538872,1027.527
452650.0,8641350.0,L086,1.843070,-0.510889,1029.186
452750.0,8641350.0,L086,1.716481,-0.482476,1030.495
452850.0,8641350.0,L086,1.478569,-0.453579,1031.445
452950.0,8641350.0,L086,1.150528,-0.424143,1032.027
453050.0,8641350.0,L086,0.756910,-0.394117,1032.237
453150.0,8641350.0,L086,0.324740,-0.363454,1032.072
453250.0,8641350.0,L086,-0.117471,-0.332114,1031.536
453350.0,8641350.0,L086,-0.540768,-0.300069,1030.633
453450.0,8641350.0,L086,-0.916830,-0.267306,1029.372
453550.0,8641350.0,L086,-1.219028,-0.233828,1027.765
453650.0,8641350.0,L086,-1.423421,-0.199662,1025.826
453750.0,8641350.0,L086,-1.509665,-0.164854,1023.573
453850.0,8641350.0,L086,-1.461782,-0.129478,1021.027
453950.0,8641350.0,L086,-1.268761,-0.093636,1018.209
454050.0,8641350.0,L086,-0.924968,-0.057455,1015.145
454150.0,8641350.0,L086,-0.430351,-0.021086,1011.863
454250.0,8641350.0,L086,0.209590,0.015293,1008.389
454350.0,8641350.0,L086,0.984042,0.051487,1004.754
454450.0,8641350.0,L086,1.877340,0.087286,1000.989
454550.0,8641350.0,L086,2.869612,0.122470,997.126
454650.0,8641350.0,L086,3.937599,0.156818,993.195
454750.0,8641350.0,L086,5.055591,0.190116,989.230
454850.0,8641350.0,L086,6.196449,0.222162,985.262
454950.0,8641350.0,L086,7.332656,0.252776,981.322
455050.0,8641350.0,L086,8.437336,0.281805,977.440
455150.0,8641350.0,L086,9.485212,0.309133,973.647
455250.0,8641350.0,L086,10.453432,0.334682,969.971
455350.0,8641350.0,L086,11.322248,0.358416,966.438
455450.0,8641350.0,L086,12.075531,0.380347,963.072
455550.0,8641350.0,L086,12.701118,0.400528,959.899
455650.0,8641350.0,L086,13.191007,0.419058,956.937
455750.0,8641350.0,L086,13.541447,0.436074,954.208
455850.0,8641350.0,L086,13.752936,0.451745,951.726
455950.0,8641350.0,L086,13.830187,0.466269,949.508
456050.0,8641350.0,L086,13.782052,0.479865,947.566
456150.0,8641350.0,L086,13.621428,0.492761,945.908
456250.0,8641350.0,L086,13.365107,0.505192,944.543
456350.0,8641350.0,L086,13.033527,0.517389,943.477
456450.0,8641350.0,L086,12.650382,0.529571,942.711
456550.0,8641350.0,L086,12.242029,0.541942,942.247
456650.0,8641350.0,L086,11.836674,0.554683,942.082
456750.0,8641350.0,L086,11.463331,0.567951,942.213
456850.0,8641350.0,L086,11.150594,0.581874,942.635
456950.0,8641350.0,L086,10.925300,0.596553,943.338
457050.0,8641350.0,L086,10.811173,0.612058,944.313
457150.0,8641350.0,L086,10.827571,0.628433,945.548
457250.0,8641350.0,L086,10.988440,0.645696,947.030
457350.0,8641350.0,L086,11.301559,0.663844,948.742
457450.0,8641350.0,L086,11.768138,0.682854,950.668
457550.0,8641350.0,L086,12.382782,0.702685,952.790
457650.0,8641350.0,L086,13.133810,0.723287,955.088
457750.0,8641350.0,L086,14.003883,0.744601,957.541
457850.0,8641350.0,L086,14.970882,0.766559,960.126
457950.0,8641350.0,L086,16.008964,0.789095,962.822
458050.0,8641350.0,L086,17.089725,0.812139,965.603
458150.0,8641350.0,L086,18.183414,0.835625,968.445
458250.0,8641350.0,L086,19.260139,0.859489,971.325
458350.0,8641350.0,L086,20.291020,0.883672,974.216
458450.0,8641350.0,L086,21.249269,0.908120,977.094
458550.0,8641350.0,L086,22.111146,0.932785,979.934
458650.0,8641350.0,L086,22.856789,0.957624,982.711
458750.0,8641350.0,L086,23.470896,0.982601,985.401
458850.0,8641350.0,L086,23.943222,1.007682,987.980
458950.0,8641350.0,L086,24.268916,1.032843,990.426
459050.0,8641350.0,L086,24.448644,1.058060,992.718
459150.0,8641350.0,L086,24.488541,1.083316,994.836
459250.0,8641350.0,L086,24.399947,1.108595,996.761
459350.0,8641350.0,L086,24.198979,1.133886,998.476
459450.0,8641350.0,L086,23.905917,1.159181,999.966
459550.0,8641350.0,L086,23.544453,1.184471,1001.217
450050.0,8640950.0,L090,-11.394237,-1.187159,941.191
450150.0,8640950.0,L090,-11.755581,-1.162102,942.915
450250.0,8640950.0,L090,-12.048456,-1.137037,944.919
450350.0,8640950.0,L090,-12.249139,-1.111964,947.189
450450.0,8640950.0,L090,-12.337297,-1.086881,949.709
450550.0,8640950.0,L090,-12.296737,-1.061789,952.462
450650.0,8640950.0,L090,-12.116001,-1.036687,955.426
450750.0,8640950.0,L090,-11.788787,-1.011573,958.580
450850.0,8640950.0,L090,-11.314180,-0.986447,961.900
450950.0,8640950.0,L090,-10.696682,-0.961309,965.360
451050.0,8640950.0,L090,-9.946050,-0.936156,968.934
451150.0,8640950.0,L090,-9.076930,-0.910988,972.592
451250.0,8640950.0,L090,-8.108325,-0.885805,976.308
451350.0,8640950.0,L090,-7.062892,-0.860603,980.049
451450.0,8640950.0,L090,-5.966110,-0.835380,983.788
451550.0,8640950.0,L090,-4.845350,-0.810136,987.492
451650.0,8640950.0,L090,-3.728864,-0.784865,991.133
451750.0,8640950.0,L090,-2.644757,-0.759564,994.679
451850.0,8640950.0,L090,-1.619955,-0.734229,998.102
451950.0,8640950.0,L090,-0.679218,-0.708852,1001.373
452050.0,8640950.0,L090,0.155764,-0.683427,1004.466
452150.0,8640950.0,L090,0.867167,-0.657945,1007.353
452250.0,8640950.0,L090,1.441687,-0.632395,1010.011
452350.0,8640950.0,L090,1.871030,-0.606766,1012.417
452450.0,8640950.0,L090,2.152218,-0.581043,1014.552
452550.0,8640950.0,L090,2.287705,-0.555212,1016.396
452650.0,8640950.0,L090,2.285292,-0.529256,1017.934
452750.0,8640950.0,L090,2.157847,-0.503158,1019.154
452850.0,8640950.0,L090,1.922841,-0.476899,1020.045
452950.0,8640950.0,L090,1.601711,-0.450462,1020.599
453050.0,8640950.0,L090,1.219079,-0.423830,1020.813
453150.0,8640950.0,L090,0.801852,-0.396987,1020.683
453250.0,8640950.0,L090,0.378227,-0.369919,1020.213
453350.0,8640950.0,L090,-0.023337,-0.342618,1019.406
453450.0,8640950.0,L090,-0.375181,-0.315079,1018.270
453550.0,8640950.0,L090,-0.651464,-0.287303,1016.814
453650.0,8640950.0,L090,-0.829122,-0.259298,1015.051
453750.0,8640950.0,L090,-0.888728,-0.231080,1012.997
453850.0,8640950.0,L090,-0.815212,-0.202675,1010.670
453950.0,8640950.0,L090,-0.598424,-0.174113,1008.089
454050.0,8640950.0,L090,-0.233509,-0.145439,1005.278
454150.0,8640950.0,L090,0.278916,-0.116701,1002.259
454250.0,8640950.0,L090,0.932790,-0.087959,999.059
454350.0,8640950.0,L090,1.716840,-0.059276,995.705
454450.0,8640950.0,L090,2.615017,-0.030722,992.224
454550.0,8640950.0,L090,3.607101,-0.002369,988.646
454650.0,8640950.0,L090,4.669472,0.025710,985.001
454750.0,8640950.0,L090,5.776002,0.053443,981.317
454850.0,8640950.0,L090,6.899039,0.080765,977.625
454950.0,8640950.0,L090,8.010434,0.107617,973.954
455050.0,8640950.0,L090,9.082592,0.133947,970.335
455150.0,8640950.0,L090,10.089472,0.159717,966.794
455250.0,8640950.0,L090,11.007530,0.184903,963.361
455350.0,8640950.0,L090,11.816539,0.209491,960.060
455450.0,8640950.0,L090,12.500291,0.233486,956.917
455550.0,8640950.0,L090,13.047128,0.256906,953.956
455650.0,8640950.0,L090,13.450310,0.279782,951.198
455750.0,8640950.0,L090,13.708214,0.302160,948.663
455850.0,8640950.0,L090,13.824359,0.324096,946.369
455950.0,8640950.0,L090,13.807271,0.345655,944.332
456050.0,8640950.0,L090,13.670191,0.366909,942.564
456150.0,8640950.0,L090,13.430644,0.387933,941.078
456250.0,8640950.0,L090,13.109873,0.408805,939.883
456350.0,8640950.0,L090,12.732144,0.429600,938.984
456450.0,8640950.0,L090,12.323940,0.450391,938.386
456550.0,8640950.0,L090,11.913057,0.471245,938.090
456650.0,8640950.0,L090,11.527610,0.492222,938.097
456750.0,8640950.0,L090,11.195005,0.513373,938.404
456850.0,8640950.0,L090,10.940884,0.534741,939.004
456950.0,8640950.0,L090,10.788109,0.556358,939.891
457050.0,8640950.0,L090,10.755836,0.578248,941.054
457150.0,8640950.0,L090,10.858711,0.600426,942.483
457250.0,8640950.0,L090,11.106248,0.622896,944.164
457350.0,8640950.0,L090,11.502426,0.645659,946.080
457450.0,8640950.0,L090,12.045505,0.668706,948.214
457550.0,8640950.0,L090,12.728099,0.692024,950.548
457650.0,8640950.0,L090,13.537476,0.715596,953.061
457750.0,8640950.0,L090,14.456075,0.739403,955.730
457850.0,8640950.0,L090,15.462212,0.763422,958.534
457950.0,8640950.0,L090,16.530939,0.787632,961.447
458050.0,8640950.0,L090,17.635014,0.812009,964.445
458150.0,8640950.0,L090,18.745949,0.836532,967.502
458250.0,8640950.0,L090,19.835083,0.861178,970.593
458350.0,8640950.0,L090,20.874657,0.885930,973.690
458450.0,8640950.0,L090,21.838832,0.910769,976.769
458550.0,8640950.0,L090,22.704644,0.935678,979.802
458650.0,8640950.0,L090,23.452834,0.960644,982.764
458750.0,8640950.0,L090,24.068546,0.985655,985.630
458850.0,8640950.0,L090,24.541859,1.010700,988.376
458950.0,8640950.0,L090,24.868143,1.035770,990.978
459050.0,8640950.0,L090,25.048217,1.060858,993.415
459150.0,8640950.0,L090,25.088310,1.085958,995.664
459250.0,8640950.0,L090,24.999825,1.111064,997.709
459350.0,8640950.0,L090,24.798916,1.136174,999.530
459450.0,8640950.0,L090,24.505886,1.161284,1001.112
459550.0,8640950.0,L090,24.144437,1.186392,1002.442
450050.0,8640550.0,L094,-10.794374,-1.187409,940.955
450150.0,8640550.0,L094,-11.155787,-1.162394,942.437
450250.0,8640550.0,L094,-11.448764,-1.137377,944.176
450350.0,8640550.0,L094,-11.649592,-1.112357,946.159
450450.0,8640550.0,L094,-11.737954,-1.087335,948.370
450550.0,8640550.0,L094,-11.697677,-1.062311,950.792
450650.0,8640550.0,L094,-11.517326,-1.037284,953.408
450750.0,8640550.0,L094,-11.190630,-1.012253,956.197
450850.0,8640550.0,L094,-10.716704,-0.987220,959.136
450950.0,8640550.0,L094,-10.100092,-0.962183,962.203
451050.0,8640550.0,L094,-9.350589,-0.937143,965.372
451150.0,8640550.0,L094,-8.482889,-0.912099,968.619
451250.0,8640550.0,L094,-7.516035,-0.887050,971.917
451350.0,8640550.0,L094,-6.472724,-0.861996,975.240
451450.0,8640550.0,L094,-5.378469,-0.836938,978.561
451550.0,8640550.0,L094,-4.260656,-0.811873,981.852
451650.0,8640550.0,L094,-3.147545,-0.786802,985.086
451750.0,8640550.0,L094,-2.067219,-0.761722,988.237
451850.0,8640550.0,L094,-1.046559,-0.736633,991.279
451950.0,8640550.0,L094,-0.110251,-0.711534,994.186
452050.0,8640550.0,L094,0.720120,-0.686422,996.934
452150.0,8640550.0,L094,1.426868,-0.661294,999.501
452250.0,8640550.0,L094,1.996851,-0.636148,1001.865
452350.0,8640550.0,L094,2.421962,-0.610981,1004.007
452450.0,8640550.0,L094,2.699424,-0.585790,1005.907
452550.0,8640550.0,L094,2.831894,-0.560569,1007.551
452650.0,8640550.0,L094,2.827369,-0.535315,1008.925
452750.0,8640550.0,L094,2.698890,-0.510023,1010.017
452850.0,8640550.0,L094,2.464066,-0.484688,1010.818
452950.0,8640550.0,L094,2.144429,-0.459305,1011.321
453050.0,8640550.0,L094,1.764636,-0.433870,1011.522
453150.0,8640550.0,L094,1.351570,-0.408378,1011.420
453250.0,8640550.0,L094,0.933343,-0.382826,1011.016
453350.0,8640550.0,L094,0.538264,-0.357212,1010.313
453450.0,8640550.0,L094,0.193791,-0.331534,1009.317
453550.0,8640550.0,L094,-0.074478,-0.305792,1008.037
453650.0,8640550.0,L094,-0.243754,-0.279989,1006.484
453750.0,8640550.0,L094,-0.294900,-0.254129,1004.671
453850.0,8640550.0,L094,-0.213135,-0.228219,1002.613
453950.0,8640550.0,L094,0.011419,-0.202267,1000.329
454050.0,8640550.0,L094,0.383366,-0.176285,997.837
454150.0,8640550.0,L094,0.901876,-0.150286,995.158
454250.0,8640550.0,L094,1.560708,-0.124286,992.315
454350.0,8640550.0,L094,2.348449,-0.098303,989.331
454450.0,8640550.0,L094,3.248932,-0.072355,986.232
454550.0,8640550.0,L094,4.241843,-0.046462,983.043
454650.0,8640550.0,L094,5.303470,-0.020643,979.790
454750.0,8640550.0,L094,6.407584,0.005083,976.500
454850.0,8640550.0,L094,7.526411,0.030697,973.200
454950.0,8640550.0,L094,8.631659,0.056185,969.917
455050.0,8640550.0,L094,9.695563,0.081532,966.677
455150.0,8640550.0,L094,10.691904,0.106728,963.507
455250.0,8640550.0,L094,11.596976,0.131766,960.431
455350.0,8640550.0,L094,12.390450,0.156643,957.474
455450.0,8640550.0,L094,13.056109,0.181360,954.660
455550.0,8640550.0,L094,13.582441,0.205923,952.009
455650.0,8640550.0,L094,13.963045,0.230340,949.544
455750.0,8640550.0,L094,14.196857,0.254623,947.282
455850.0,8640550.0,L094,14.288186,0.278787,945.240
455950.0,8640550.0,L094,14.246549,0.302850,943.435
456050.0,8640550.0,L094,14.086327,0.326832,941.878
456150.0,8640550.0,L094,13.826246,0.350753,940.582
456250.0,8640550.0,L094,13.488701,0.374635,939.555
456350.0,8640550.0,L094,13.098951,0.398496,938.804
456450.0,8640550.0,L094,12.684200,0.422358,938.334
456550.0,8640550.0,L094,12.272614,0.446238,938.146
456650.0,8640550.0,L094,11.892287,0.470153,938.242
456750.0,8640550.0,L094,11.570203,0.494116,938.617
456850.0,8640550.0,L094,11.331239,0.518139,939.269
456950.0,8640550.0,L094,11.197228,0.542230,940.191
457050.0,8640550.0,L094,11.186142,0.566396,941.373
457150.0,8640550.0,L094,11.311403,0.590641,942.804
457250.0,8640550.0,L094,11.581380,0.614966,944.473
457350.0,8640550.0,L094,11.999064,0.639371,946.364
457450.0,8640550.0,L094,12.561953,0.663854,948.460
457550.0,8640550.0,L094,13.262143,0.688410,950.745
457650.0,8640550.0,L094,14.086631,0.713036,953.197
457750.0,8640550.0,L094,15.017796,0.737726,955.797
457850.0,8640550.0,L094,16.034069,0.762474,958.522
457950.0,8640550.0,L094,17.110732,0.787273,961.350
458050.0,8640550.0,L094,18.220845,0.812118,964.256
458150.0,8640550.0,L094,19.336246,0.837003,967.216
458250.0,8640550.0,L094,20.428594,0.861921,970.206
458350.0,8640550.0,L094,21.470419,0.886867,973.200
458450.0,8640550.0,L094,22.436129,0.911837,976.173
458550.0,8640550.0,L094,23.302961,0.936826,979.100
458650.0,8640550.0,L094,24.051810,0.961829,981.957
458750.0,8640550.0,L094,24.667937,0.986845,984.720
458850.0,8640550.0,L094,25.141506,1.011869,987.366
458950.0,8640550.0,L094,25.467943,1.036899,989.872
459050.0,8640550.0,L094,25.648106,1.061934,992.218
459150.0,8640550.0,L094,25.688250,1.086971,994.383
459250.0,8640550.0,L094,25.599794,1.112010,996.351
459350.0,8640550.0,L094,25.398900,1.137049,998.103
459450.0,8640550.0,L094,25.105878,1.162088,999.626
459550.0,8640550.0,L094,24.744433,1.187125,1000.907
